id,Test_Name,Category,Real_Vulnerability,CWE,createdAt,updatedAt
1,BenchmarkTest00001,pathtraver,true,22,2026-01-29T20:03:31.991Z,2026-01-29T20:03:31.991Z
2,BenchmarkTest00002,pathtraver,true,22,2026-01-29T20:03:31.999Z,2026-01-29T20:03:31.999Z
3,BenchmarkTest00003,hash,true,328,2026-01-29T20:03:32.000Z,2026-01-29T20:03:32.000Z
4,BenchmarkTest00004,trustbound,true,501,2026-01-29T20:03:32.002Z,2026-01-29T20:03:32.002Z
5,BenchmarkTest00005,crypto,true,327,2026-01-29T20:03:32.003Z,2026-01-29T20:03:32.003Z
6,BenchmarkTest00006,cmdi,true,78,2026-01-29T20:03:32.005Z,2026-01-29T20:03:32.005Z
7,BenchmarkTest00007,cmdi,true,78,2026-01-29T20:03:32.006Z,2026-01-29T20:03:32.006Z
8,BenchmarkTest00008,sqli,true,89,2026-01-29T20:03:32.008Z,2026-01-29T20:03:32.008Z
9,BenchmarkTest00009,hash,false,328,2026-01-29T20:03:32.009Z,2026-01-29T20:03:32.009Z
10,BenchmarkTest00010,weakrand,false,330,2026-01-29T20:03:32.010Z,2026-01-29T20:03:32.010Z
11,BenchmarkTest00011,pathtraver,true,22,2026-01-29T20:03:32.017Z,2026-01-29T20:03:32.017Z
12,BenchmarkTest00012,ldapi,true,90,2026-01-29T20:03:32.023Z,2026-01-29T20:03:32.023Z
13,BenchmarkTest00013,xss,true,79,2026-01-29T20:03:32.026Z,2026-01-29T20:03:32.026Z
14,BenchmarkTest00014,xss,true,79,2026-01-29T20:03:32.028Z,2026-01-29T20:03:32.028Z
15,BenchmarkTest00015,cmdi,true,78,2026-01-29T20:03:32.029Z,2026-01-29T20:03:32.029Z
16,BenchmarkTest00016,securecookie,false,614,2026-01-29T20:03:32.031Z,2026-01-29T20:03:32.031Z
17,BenchmarkTest00017,cmdi,true,78,2026-01-29T20:03:32.032Z,2026-01-29T20:03:32.032Z
18,BenchmarkTest00018,sqli,true,89,2026-01-29T20:03:32.033Z,2026-01-29T20:03:32.033Z
19,BenchmarkTest00019,crypto,true,327,2026-01-29T20:03:32.035Z,2026-01-29T20:03:32.035Z
20,BenchmarkTest00020,crypto,true,327,2026-01-29T20:03:32.036Z,2026-01-29T20:03:32.036Z
21,BenchmarkTest00021,ldapi,true,90,2026-01-29T20:03:32.038Z,2026-01-29T20:03:32.038Z
22,BenchmarkTest00022,hash,false,328,2026-01-29T20:03:32.039Z,2026-01-29T20:03:32.039Z
23,BenchmarkTest00023,weakrand,true,330,2026-01-29T20:03:32.040Z,2026-01-29T20:03:32.040Z
24,BenchmarkTest00024,sqli,true,89,2026-01-29T20:03:32.042Z,2026-01-29T20:03:32.042Z
25,BenchmarkTest00025,sqli,true,89,2026-01-29T20:03:32.043Z,2026-01-29T20:03:32.043Z
26,BenchmarkTest00026,sqli,true,89,2026-01-29T20:03:32.045Z,2026-01-29T20:03:32.045Z
27,BenchmarkTest00027,sqli,true,89,2026-01-29T20:03:32.048Z,2026-01-29T20:03:32.048Z
28,BenchmarkTest00028,pathtraver,true,22,2026-01-29T20:03:32.050Z,2026-01-29T20:03:32.050Z
29,BenchmarkTest00029,hash,true,328,2026-01-29T20:03:32.051Z,2026-01-29T20:03:32.051Z
30,BenchmarkTest00030,xss,true,79,2026-01-29T20:03:32.053Z,2026-01-29T20:03:32.053Z
31,BenchmarkTest00031,trustbound,true,501,2026-01-29T20:03:32.054Z,2026-01-29T20:03:32.054Z
32,BenchmarkTest00032,sqli,true,89,2026-01-29T20:03:32.056Z,2026-01-29T20:03:32.056Z
33,BenchmarkTest00033,sqli,true,89,2026-01-29T20:03:32.057Z,2026-01-29T20:03:32.057Z
34,BenchmarkTest00034,sqli,true,89,2026-01-29T20:03:32.059Z,2026-01-29T20:03:32.059Z
35,BenchmarkTest00035,crypto,true,327,2026-01-29T20:03:32.060Z,2026-01-29T20:03:32.060Z
36,BenchmarkTest00036,xss,true,79,2026-01-29T20:03:32.062Z,2026-01-29T20:03:32.062Z
37,BenchmarkTest00037,sqli,true,89,2026-01-29T20:03:32.063Z,2026-01-29T20:03:32.063Z
38,BenchmarkTest00038,sqli,true,89,2026-01-29T20:03:32.065Z,2026-01-29T20:03:32.065Z
39,BenchmarkTest00039,sqli,true,89,2026-01-29T20:03:32.066Z,2026-01-29T20:03:32.066Z
40,BenchmarkTest00040,pathtraver,true,22,2026-01-29T20:03:32.067Z,2026-01-29T20:03:32.067Z
41,BenchmarkTest00041,xss,true,79,2026-01-29T20:03:32.069Z,2026-01-29T20:03:32.069Z
42,BenchmarkTest00042,weakrand,false,330,2026-01-29T20:03:32.070Z,2026-01-29T20:03:32.070Z
43,BenchmarkTest00043,sqli,true,89,2026-01-29T20:03:32.072Z,2026-01-29T20:03:32.072Z
44,BenchmarkTest00044,ldapi,true,90,2026-01-29T20:03:32.073Z,2026-01-29T20:03:32.073Z
45,BenchmarkTest00045,pathtraver,true,22,2026-01-29T20:03:32.077Z,2026-01-29T20:03:32.077Z
46,BenchmarkTest00046,hash,true,328,2026-01-29T20:03:32.079Z,2026-01-29T20:03:32.079Z
47,BenchmarkTest00047,xss,true,79,2026-01-29T20:03:32.081Z,2026-01-29T20:03:32.081Z
48,BenchmarkTest00048,xss,true,79,2026-01-29T20:03:32.082Z,2026-01-29T20:03:32.082Z
49,BenchmarkTest00049,xss,true,79,2026-01-29T20:03:32.083Z,2026-01-29T20:03:32.083Z
50,BenchmarkTest00050,crypto,true,327,2026-01-29T20:03:32.084Z,2026-01-29T20:03:32.084Z
51,BenchmarkTest00051,cmdi,false,78,2026-01-29T20:03:32.085Z,2026-01-29T20:03:32.085Z
52,BenchmarkTest00052,sqli,false,89,2026-01-29T20:03:32.086Z,2026-01-29T20:03:32.086Z
53,BenchmarkTest00053,crypto,true,327,2026-01-29T20:03:32.087Z,2026-01-29T20:03:32.087Z
54,BenchmarkTest00054,crypto,false,327,2026-01-29T20:03:32.090Z,2026-01-29T20:03:32.090Z
55,BenchmarkTest00055,crypto,true,327,2026-01-29T20:03:32.091Z,2026-01-29T20:03:32.091Z
56,BenchmarkTest00056,crypto,true,327,2026-01-29T20:03:32.095Z,2026-01-29T20:03:32.095Z
57,BenchmarkTest00057,crypto,true,327,2026-01-29T20:03:32.096Z,2026-01-29T20:03:32.096Z
58,BenchmarkTest00058,crypto,false,327,2026-01-29T20:03:32.098Z,2026-01-29T20:03:32.098Z
59,BenchmarkTest00059,crypto,false,327,2026-01-29T20:03:32.099Z,2026-01-29T20:03:32.099Z
60,BenchmarkTest00060,pathtraver,true,22,2026-01-29T20:03:32.102Z,2026-01-29T20:03:32.102Z
61,BenchmarkTest00061,pathtraver,true,22,2026-01-29T20:03:32.105Z,2026-01-29T20:03:32.105Z
62,BenchmarkTest00062,pathtraver,true,22,2026-01-29T20:03:32.109Z,2026-01-29T20:03:32.109Z
63,BenchmarkTest00063,pathtraver,false,22,2026-01-29T20:03:32.112Z,2026-01-29T20:03:32.112Z
64,BenchmarkTest00064,pathtraver,false,22,2026-01-29T20:03:32.113Z,2026-01-29T20:03:32.113Z
65,BenchmarkTest00065,pathtraver,true,22,2026-01-29T20:03:32.115Z,2026-01-29T20:03:32.115Z
66,BenchmarkTest00066,weakrand,true,330,2026-01-29T20:03:32.116Z,2026-01-29T20:03:32.116Z
67,BenchmarkTest00067,weakrand,true,330,2026-01-29T20:03:32.116Z,2026-01-29T20:03:32.116Z
68,BenchmarkTest00068,weakrand,true,330,2026-01-29T20:03:32.117Z,2026-01-29T20:03:32.117Z
69,BenchmarkTest00069,hash,false,328,2026-01-29T20:03:32.118Z,2026-01-29T20:03:32.118Z
70,BenchmarkTest00070,hash,true,328,2026-01-29T20:03:32.120Z,2026-01-29T20:03:32.120Z
71,BenchmarkTest00071,hash,true,328,2026-01-29T20:03:32.121Z,2026-01-29T20:03:32.121Z
72,BenchmarkTest00072,hash,false,328,2026-01-29T20:03:32.122Z,2026-01-29T20:03:32.122Z
73,BenchmarkTest00073,hash,true,328,2026-01-29T20:03:32.123Z,2026-01-29T20:03:32.123Z
74,BenchmarkTest00074,hash,true,328,2026-01-29T20:03:32.124Z,2026-01-29T20:03:32.124Z
75,BenchmarkTest00075,hash,false,328,2026-01-29T20:03:32.125Z,2026-01-29T20:03:32.125Z
76,BenchmarkTest00076,hash,false,328,2026-01-29T20:03:32.126Z,2026-01-29T20:03:32.126Z
77,BenchmarkTest00077,cmdi,true,78,2026-01-29T20:03:32.127Z,2026-01-29T20:03:32.127Z
78,BenchmarkTest00078,weakrand,true,330,2026-01-29T20:03:32.129Z,2026-01-29T20:03:32.129Z
79,BenchmarkTest00079,weakrand,true,330,2026-01-29T20:03:32.130Z,2026-01-29T20:03:32.130Z
80,BenchmarkTest00080,weakrand,true,330,2026-01-29T20:03:32.131Z,2026-01-29T20:03:32.131Z
81,BenchmarkTest00081,weakrand,true,330,2026-01-29T20:03:32.132Z,2026-01-29T20:03:32.132Z
82,BenchmarkTest00082,weakrand,true,330,2026-01-29T20:03:32.133Z,2026-01-29T20:03:32.133Z
83,BenchmarkTest00083,weakrand,true,330,2026-01-29T20:03:32.134Z,2026-01-29T20:03:32.134Z
84,BenchmarkTest00084,weakrand,true,330,2026-01-29T20:03:32.139Z,2026-01-29T20:03:32.139Z
85,BenchmarkTest00085,weakrand,true,330,2026-01-29T20:03:32.142Z,2026-01-29T20:03:32.142Z
86,BenchmarkTest00086,weakrand,true,330,2026-01-29T20:03:32.147Z,2026-01-29T20:03:32.147Z
87,BenchmarkTest00087,securecookie,true,614,2026-01-29T20:03:32.148Z,2026-01-29T20:03:32.148Z
88,BenchmarkTest00088,securecookie,false,614,2026-01-29T20:03:32.150Z,2026-01-29T20:03:32.150Z
89,BenchmarkTest00089,securecookie,false,614,2026-01-29T20:03:32.152Z,2026-01-29T20:03:32.152Z
90,BenchmarkTest00090,cmdi,false,78,2026-01-29T20:03:32.155Z,2026-01-29T20:03:32.155Z
91,BenchmarkTest00091,cmdi,true,78,2026-01-29T20:03:32.156Z,2026-01-29T20:03:32.156Z
92,BenchmarkTest00092,cmdi,true,78,2026-01-29T20:03:32.157Z,2026-01-29T20:03:32.157Z
93,BenchmarkTest00093,cmdi,false,78,2026-01-29T20:03:32.158Z,2026-01-29T20:03:32.158Z
94,BenchmarkTest00094,weakrand,false,330,2026-01-29T20:03:32.161Z,2026-01-29T20:03:32.161Z
95,BenchmarkTest00095,weakrand,false,330,2026-01-29T20:03:32.162Z,2026-01-29T20:03:32.162Z
96,BenchmarkTest00096,weakrand,false,330,2026-01-29T20:03:32.163Z,2026-01-29T20:03:32.163Z
97,BenchmarkTest00097,trustbound,false,501,2026-01-29T20:03:32.164Z,2026-01-29T20:03:32.164Z
98,BenchmarkTest00098,trustbound,true,501,2026-01-29T20:03:32.168Z,2026-01-29T20:03:32.168Z
99,BenchmarkTest00099,trustbound,false,501,2026-01-29T20:03:32.169Z,2026-01-29T20:03:32.169Z
100,BenchmarkTest00100,sqli,true,89,2026-01-29T20:03:32.170Z,2026-01-29T20:03:32.170Z
101,BenchmarkTest00101,sqli,true,89,2026-01-29T20:03:32.171Z,2026-01-29T20:03:32.171Z
102,BenchmarkTest00102,sqli,true,89,2026-01-29T20:03:32.173Z,2026-01-29T20:03:32.173Z
103,BenchmarkTest00103,sqli,true,89,2026-01-29T20:03:32.173Z,2026-01-29T20:03:32.173Z
104,BenchmarkTest00104,sqli,false,89,2026-01-29T20:03:32.174Z,2026-01-29T20:03:32.174Z
105,BenchmarkTest00105,sqli,false,89,2026-01-29T20:03:32.177Z,2026-01-29T20:03:32.177Z
106,BenchmarkTest00106,sqli,true,89,2026-01-29T20:03:32.179Z,2026-01-29T20:03:32.179Z
107,BenchmarkTest00107,sqli,false,89,2026-01-29T20:03:32.180Z,2026-01-29T20:03:32.180Z
108,BenchmarkTest00108,sqli,true,89,2026-01-29T20:03:32.181Z,2026-01-29T20:03:32.181Z
109,BenchmarkTest00109,sqli,true,89,2026-01-29T20:03:32.182Z,2026-01-29T20:03:32.182Z
110,BenchmarkTest00110,sqli,false,89,2026-01-29T20:03:32.183Z,2026-01-29T20:03:32.183Z
111,BenchmarkTest00111,sqli,true,89,2026-01-29T20:03:32.184Z,2026-01-29T20:03:32.184Z
112,BenchmarkTest00112,sqli,true,89,2026-01-29T20:03:32.185Z,2026-01-29T20:03:32.185Z
113,BenchmarkTest00113,sqli,false,89,2026-01-29T20:03:32.187Z,2026-01-29T20:03:32.187Z
114,BenchmarkTest00114,sqli,false,89,2026-01-29T20:03:32.188Z,2026-01-29T20:03:32.188Z
115,BenchmarkTest00115,sqli,true,89,2026-01-29T20:03:32.189Z,2026-01-29T20:03:32.189Z
116,BenchmarkTest00116,xpathi,false,643,2026-01-29T20:03:32.190Z,2026-01-29T20:03:32.190Z
117,BenchmarkTest00117,xpathi,false,643,2026-01-29T20:03:32.191Z,2026-01-29T20:03:32.191Z
118,BenchmarkTest00118,xpathi,false,643,2026-01-29T20:03:32.193Z,2026-01-29T20:03:32.193Z
119,BenchmarkTest00119,crypto,true,327,2026-01-29T20:03:32.194Z,2026-01-29T20:03:32.194Z
120,BenchmarkTest00120,crypto,true,327,2026-01-29T20:03:32.195Z,2026-01-29T20:03:32.195Z
121,BenchmarkTest00121,crypto,false,327,2026-01-29T20:03:32.196Z,2026-01-29T20:03:32.196Z
122,BenchmarkTest00122,crypto,false,327,2026-01-29T20:03:32.197Z,2026-01-29T20:03:32.197Z
123,BenchmarkTest00123,crypto,true,327,2026-01-29T20:03:32.200Z,2026-01-29T20:03:32.200Z
124,BenchmarkTest00124,crypto,true,327,2026-01-29T20:03:32.203Z,2026-01-29T20:03:32.203Z
125,BenchmarkTest00125,crypto,true,327,2026-01-29T20:03:32.207Z,2026-01-29T20:03:32.207Z
126,BenchmarkTest00126,crypto,false,327,2026-01-29T20:03:32.209Z,2026-01-29T20:03:32.209Z
127,BenchmarkTest00127,crypto,false,327,2026-01-29T20:03:32.210Z,2026-01-29T20:03:32.210Z
128,BenchmarkTest00128,crypto,false,327,2026-01-29T20:03:32.211Z,2026-01-29T20:03:32.211Z
129,BenchmarkTest00129,crypto,false,327,2026-01-29T20:03:32.212Z,2026-01-29T20:03:32.212Z
130,BenchmarkTest00130,crypto,false,327,2026-01-29T20:03:32.214Z,2026-01-29T20:03:32.214Z
131,BenchmarkTest00131,pathtraver,false,22,2026-01-29T20:03:32.215Z,2026-01-29T20:03:32.215Z
132,BenchmarkTest00132,pathtraver,false,22,2026-01-29T20:03:32.216Z,2026-01-29T20:03:32.216Z
133,BenchmarkTest00133,pathtraver,true,22,2026-01-29T20:03:32.217Z,2026-01-29T20:03:32.217Z
134,BenchmarkTest00134,pathtraver,false,22,2026-01-29T20:03:32.218Z,2026-01-29T20:03:32.218Z
135,BenchmarkTest00135,pathtraver,false,22,2026-01-29T20:03:32.220Z,2026-01-29T20:03:32.220Z
136,BenchmarkTest00136,pathtraver,false,22,2026-01-29T20:03:32.221Z,2026-01-29T20:03:32.221Z
137,BenchmarkTest00137,pathtraver,false,22,2026-01-29T20:03:32.222Z,2026-01-29T20:03:32.222Z
138,BenchmarkTest00138,ldapi,false,90,2026-01-29T20:03:32.224Z,2026-01-29T20:03:32.224Z
139,BenchmarkTest00139,ldapi,false,90,2026-01-29T20:03:32.226Z,2026-01-29T20:03:32.226Z
140,BenchmarkTest00140,weakrand,true,330,2026-01-29T20:03:32.227Z,2026-01-29T20:03:32.227Z
141,BenchmarkTest00141,hash,true,328,2026-01-29T20:03:32.228Z,2026-01-29T20:03:32.228Z
142,BenchmarkTest00142,hash,false,328,2026-01-29T20:03:32.230Z,2026-01-29T20:03:32.230Z
143,BenchmarkTest00143,hash,true,328,2026-01-29T20:03:32.233Z,2026-01-29T20:03:32.233Z
144,BenchmarkTest00144,xss,true,79,2026-01-29T20:03:32.236Z,2026-01-29T20:03:32.236Z
145,BenchmarkTest00145,xss,true,79,2026-01-29T20:03:32.240Z,2026-01-29T20:03:32.240Z
146,BenchmarkTest00146,xss,true,79,2026-01-29T20:03:32.243Z,2026-01-29T20:03:32.243Z
147,BenchmarkTest00147,xss,false,79,2026-01-29T20:03:32.248Z,2026-01-29T20:03:32.248Z
148,BenchmarkTest00148,xss,true,79,2026-01-29T20:03:32.250Z,2026-01-29T20:03:32.250Z
149,BenchmarkTest00149,xss,true,79,2026-01-29T20:03:32.253Z,2026-01-29T20:03:32.253Z
150,BenchmarkTest00150,xss,true,79,2026-01-29T20:03:32.258Z,2026-01-29T20:03:32.258Z
151,BenchmarkTest00151,xss,false,79,2026-01-29T20:03:32.262Z,2026-01-29T20:03:32.262Z
152,BenchmarkTest00152,xss,true,79,2026-01-29T20:03:32.267Z,2026-01-29T20:03:32.267Z
153,BenchmarkTest00153,xss,true,79,2026-01-29T20:03:32.271Z,2026-01-29T20:03:32.271Z
154,BenchmarkTest00154,xss,true,79,2026-01-29T20:03:32.275Z,2026-01-29T20:03:32.275Z
155,BenchmarkTest00155,xss,true,79,2026-01-29T20:03:32.280Z,2026-01-29T20:03:32.280Z
156,BenchmarkTest00156,xss,true,79,2026-01-29T20:03:32.282Z,2026-01-29T20:03:32.282Z
157,BenchmarkTest00157,xss,true,79,2026-01-29T20:03:32.284Z,2026-01-29T20:03:32.284Z
158,BenchmarkTest00158,cmdi,false,78,2026-01-29T20:03:32.285Z,2026-01-29T20:03:32.285Z
159,BenchmarkTest00159,cmdi,true,78,2026-01-29T20:03:32.287Z,2026-01-29T20:03:32.287Z
160,BenchmarkTest00160,weakrand,true,330,2026-01-29T20:03:32.288Z,2026-01-29T20:03:32.288Z
161,BenchmarkTest00161,weakrand,true,330,2026-01-29T20:03:32.290Z,2026-01-29T20:03:32.290Z
162,BenchmarkTest00162,weakrand,true,330,2026-01-29T20:03:32.291Z,2026-01-29T20:03:32.291Z
163,BenchmarkTest00163,weakrand,true,330,2026-01-29T20:03:32.292Z,2026-01-29T20:03:32.292Z
164,BenchmarkTest00164,weakrand,true,330,2026-01-29T20:03:32.293Z,2026-01-29T20:03:32.293Z
165,BenchmarkTest00165,weakrand,true,330,2026-01-29T20:03:32.294Z,2026-01-29T20:03:32.294Z
166,BenchmarkTest00166,weakrand,true,330,2026-01-29T20:03:32.295Z,2026-01-29T20:03:32.295Z
167,BenchmarkTest00167,weakrand,true,330,2026-01-29T20:03:32.297Z,2026-01-29T20:03:32.297Z
168,BenchmarkTest00168,weakrand,true,330,2026-01-29T20:03:32.298Z,2026-01-29T20:03:32.298Z
169,BenchmarkTest00169,securecookie,true,614,2026-01-29T20:03:32.299Z,2026-01-29T20:03:32.299Z
170,BenchmarkTest00170,securecookie,true,614,2026-01-29T20:03:32.300Z,2026-01-29T20:03:32.300Z
171,BenchmarkTest00171,cmdi,false,78,2026-01-29T20:03:32.301Z,2026-01-29T20:03:32.301Z
172,BenchmarkTest00172,cmdi,true,78,2026-01-29T20:03:32.302Z,2026-01-29T20:03:32.302Z
173,BenchmarkTest00173,cmdi,true,78,2026-01-29T20:03:32.303Z,2026-01-29T20:03:32.303Z
174,BenchmarkTest00174,cmdi,true,78,2026-01-29T20:03:32.305Z,2026-01-29T20:03:32.305Z
175,BenchmarkTest00175,cmdi,false,78,2026-01-29T20:03:32.306Z,2026-01-29T20:03:32.306Z
176,BenchmarkTest00176,cmdi,true,78,2026-01-29T20:03:32.307Z,2026-01-29T20:03:32.307Z
177,BenchmarkTest00177,cmdi,false,78,2026-01-29T20:03:32.309Z,2026-01-29T20:03:32.309Z
178,BenchmarkTest00178,weakrand,false,330,2026-01-29T20:03:32.310Z,2026-01-29T20:03:32.310Z
179,BenchmarkTest00179,weakrand,false,330,2026-01-29T20:03:32.313Z,2026-01-29T20:03:32.313Z
180,BenchmarkTest00180,weakrand,false,330,2026-01-29T20:03:32.315Z,2026-01-29T20:03:32.315Z
181,BenchmarkTest00181,weakrand,false,330,2026-01-29T20:03:32.317Z,2026-01-29T20:03:32.317Z
182,BenchmarkTest00182,weakrand,false,330,2026-01-29T20:03:32.319Z,2026-01-29T20:03:32.319Z
183,BenchmarkTest00183,weakrand,false,330,2026-01-29T20:03:32.320Z,2026-01-29T20:03:32.320Z
184,BenchmarkTest00184,weakrand,false,330,2026-01-29T20:03:32.321Z,2026-01-29T20:03:32.321Z
185,BenchmarkTest00185,weakrand,false,330,2026-01-29T20:03:32.323Z,2026-01-29T20:03:32.323Z
186,BenchmarkTest00186,weakrand,false,330,2026-01-29T20:03:32.324Z,2026-01-29T20:03:32.324Z
187,BenchmarkTest00187,weakrand,false,330,2026-01-29T20:03:32.326Z,2026-01-29T20:03:32.326Z
188,BenchmarkTest00188,weakrand,false,330,2026-01-29T20:03:32.330Z,2026-01-29T20:03:32.330Z
189,BenchmarkTest00189,trustbound,false,501,2026-01-29T20:03:32.337Z,2026-01-29T20:03:32.337Z
190,BenchmarkTest00190,sqli,false,89,2026-01-29T20:03:32.340Z,2026-01-29T20:03:32.340Z
191,BenchmarkTest00191,sqli,false,89,2026-01-29T20:03:32.342Z,2026-01-29T20:03:32.342Z
192,BenchmarkTest00192,sqli,true,89,2026-01-29T20:03:32.343Z,2026-01-29T20:03:32.343Z
193,BenchmarkTest00193,sqli,true,89,2026-01-29T20:03:32.345Z,2026-01-29T20:03:32.345Z
194,BenchmarkTest00194,sqli,true,89,2026-01-29T20:03:32.346Z,2026-01-29T20:03:32.346Z
195,BenchmarkTest00195,sqli,true,89,2026-01-29T20:03:32.348Z,2026-01-29T20:03:32.348Z
196,BenchmarkTest00196,sqli,true,89,2026-01-29T20:03:32.349Z,2026-01-29T20:03:32.349Z
197,BenchmarkTest00197,sqli,false,89,2026-01-29T20:03:32.350Z,2026-01-29T20:03:32.350Z
198,BenchmarkTest00198,sqli,true,89,2026-01-29T20:03:32.351Z,2026-01-29T20:03:32.351Z
199,BenchmarkTest00199,sqli,true,89,2026-01-29T20:03:32.353Z,2026-01-29T20:03:32.353Z
200,BenchmarkTest00200,sqli,false,89,2026-01-29T20:03:32.354Z,2026-01-29T20:03:32.354Z
201,BenchmarkTest00201,sqli,false,89,2026-01-29T20:03:32.356Z,2026-01-29T20:03:32.356Z
202,BenchmarkTest00202,sqli,false,89,2026-01-29T20:03:32.357Z,2026-01-29T20:03:32.357Z
203,BenchmarkTest00203,sqli,true,89,2026-01-29T20:03:32.358Z,2026-01-29T20:03:32.358Z
204,BenchmarkTest00204,sqli,true,89,2026-01-29T20:03:32.359Z,2026-01-29T20:03:32.359Z
205,BenchmarkTest00205,sqli,false,89,2026-01-29T20:03:32.363Z,2026-01-29T20:03:32.363Z
206,BenchmarkTest00206,sqli,false,89,2026-01-29T20:03:32.367Z,2026-01-29T20:03:32.367Z
207,BenchmarkTest00207,xpathi,true,643,2026-01-29T20:03:32.372Z,2026-01-29T20:03:32.372Z
208,BenchmarkTest00208,crypto,true,327,2026-01-29T20:03:32.374Z,2026-01-29T20:03:32.374Z
209,BenchmarkTest00209,crypto,false,327,2026-01-29T20:03:32.376Z,2026-01-29T20:03:32.376Z
210,BenchmarkTest00210,crypto,true,327,2026-01-29T20:03:32.377Z,2026-01-29T20:03:32.377Z
211,BenchmarkTest00211,crypto,false,327,2026-01-29T20:03:32.379Z,2026-01-29T20:03:32.379Z
212,BenchmarkTest00212,crypto,false,327,2026-01-29T20:03:32.380Z,2026-01-29T20:03:32.380Z
213,BenchmarkTest00213,crypto,false,327,2026-01-29T20:03:32.381Z,2026-01-29T20:03:32.381Z
214,BenchmarkTest00214,crypto,false,327,2026-01-29T20:03:32.382Z,2026-01-29T20:03:32.382Z
215,BenchmarkTest00215,pathtraver,true,22,2026-01-29T20:03:32.383Z,2026-01-29T20:03:32.383Z
216,BenchmarkTest00216,pathtraver,true,22,2026-01-29T20:03:32.384Z,2026-01-29T20:03:32.384Z
217,BenchmarkTest00217,pathtraver,false,22,2026-01-29T20:03:32.386Z,2026-01-29T20:03:32.386Z
218,BenchmarkTest00218,pathtraver,true,22,2026-01-29T20:03:32.388Z,2026-01-29T20:03:32.388Z
219,BenchmarkTest00219,pathtraver,true,22,2026-01-29T20:03:32.389Z,2026-01-29T20:03:32.389Z
220,BenchmarkTest00220,pathtraver,false,22,2026-01-29T20:03:32.391Z,2026-01-29T20:03:32.391Z
221,BenchmarkTest00221,pathtraver,false,22,2026-01-29T20:03:32.392Z,2026-01-29T20:03:32.392Z
222,BenchmarkTest00222,pathtraver,true,22,2026-01-29T20:03:32.393Z,2026-01-29T20:03:32.393Z
223,BenchmarkTest00223,hash,true,328,2026-01-29T20:03:32.394Z,2026-01-29T20:03:32.394Z
224,BenchmarkTest00224,hash,false,328,2026-01-29T20:03:32.395Z,2026-01-29T20:03:32.395Z
225,BenchmarkTest00225,hash,false,328,2026-01-29T20:03:32.398Z,2026-01-29T20:03:32.398Z
226,BenchmarkTest00226,hash,true,328,2026-01-29T20:03:32.400Z,2026-01-29T20:03:32.400Z
227,BenchmarkTest00227,hash,true,328,2026-01-29T20:03:32.404Z,2026-01-29T20:03:32.404Z
228,BenchmarkTest00228,hash,false,328,2026-01-29T20:03:32.410Z,2026-01-29T20:03:32.410Z
229,BenchmarkTest00229,hash,false,328,2026-01-29T20:03:32.414Z,2026-01-29T20:03:32.414Z
230,BenchmarkTest00230,weakrand,true,330,2026-01-29T20:03:32.417Z,2026-01-29T20:03:32.417Z
231,BenchmarkTest00231,weakrand,true,330,2026-01-29T20:03:32.421Z,2026-01-29T20:03:32.421Z
232,BenchmarkTest00232,weakrand,true,330,2026-01-29T20:03:32.425Z,2026-01-29T20:03:32.425Z
233,BenchmarkTest00233,weakrand,true,330,2026-01-29T20:03:32.429Z,2026-01-29T20:03:32.429Z
234,BenchmarkTest00234,weakrand,true,330,2026-01-29T20:03:32.434Z,2026-01-29T20:03:32.434Z
235,BenchmarkTest00235,weakrand,true,330,2026-01-29T20:03:32.438Z,2026-01-29T20:03:32.438Z
236,BenchmarkTest00236,weakrand,true,330,2026-01-29T20:03:32.442Z,2026-01-29T20:03:32.442Z
237,BenchmarkTest00237,weakrand,true,330,2026-01-29T20:03:32.444Z,2026-01-29T20:03:32.444Z
238,BenchmarkTest00238,weakrand,true,330,2026-01-29T20:03:32.446Z,2026-01-29T20:03:32.446Z
239,BenchmarkTest00239,weakrand,true,330,2026-01-29T20:03:32.448Z,2026-01-29T20:03:32.448Z
240,BenchmarkTest00240,weakrand,true,330,2026-01-29T20:03:32.449Z,2026-01-29T20:03:32.449Z
241,BenchmarkTest00241,securecookie,true,614,2026-01-29T20:03:32.451Z,2026-01-29T20:03:32.451Z
242,BenchmarkTest00242,securecookie,false,614,2026-01-29T20:03:32.453Z,2026-01-29T20:03:32.453Z
243,BenchmarkTest00243,weakrand,false,330,2026-01-29T20:03:32.454Z,2026-01-29T20:03:32.454Z
244,BenchmarkTest00244,weakrand,false,330,2026-01-29T20:03:32.456Z,2026-01-29T20:03:32.456Z
245,BenchmarkTest00245,weakrand,false,330,2026-01-29T20:03:32.457Z,2026-01-29T20:03:32.457Z
246,BenchmarkTest00246,weakrand,false,330,2026-01-29T20:03:32.460Z,2026-01-29T20:03:32.460Z
247,BenchmarkTest00247,weakrand,false,330,2026-01-29T20:03:32.463Z,2026-01-29T20:03:32.463Z
248,BenchmarkTest00248,weakrand,false,330,2026-01-29T20:03:32.467Z,2026-01-29T20:03:32.467Z
249,BenchmarkTest00249,weakrand,false,330,2026-01-29T20:03:32.469Z,2026-01-29T20:03:32.469Z
250,BenchmarkTest00250,trustbound,false,501,2026-01-29T20:03:32.472Z,2026-01-29T20:03:32.472Z
251,BenchmarkTest00251,trustbound,true,501,2026-01-29T20:03:32.476Z,2026-01-29T20:03:32.476Z
252,BenchmarkTest00252,trustbound,false,501,2026-01-29T20:03:32.479Z,2026-01-29T20:03:32.479Z
253,BenchmarkTest00253,trustbound,false,501,2026-01-29T20:03:32.484Z,2026-01-29T20:03:32.484Z
254,BenchmarkTest00254,crypto,true,327,2026-01-29T20:03:32.488Z,2026-01-29T20:03:32.488Z
255,BenchmarkTest00255,crypto,false,327,2026-01-29T20:03:32.497Z,2026-01-29T20:03:32.497Z
256,BenchmarkTest00256,crypto,true,327,2026-01-29T20:03:32.502Z,2026-01-29T20:03:32.502Z
257,BenchmarkTest00257,crypto,true,327,2026-01-29T20:03:32.506Z,2026-01-29T20:03:32.506Z
258,BenchmarkTest00258,crypto,true,327,2026-01-29T20:03:32.510Z,2026-01-29T20:03:32.510Z
259,BenchmarkTest00259,crypto,false,327,2026-01-29T20:03:32.513Z,2026-01-29T20:03:32.513Z
260,BenchmarkTest00260,crypto,false,327,2026-01-29T20:03:32.514Z,2026-01-29T20:03:32.514Z
261,BenchmarkTest00261,pathtraver,false,22,2026-01-29T20:03:32.516Z,2026-01-29T20:03:32.516Z
262,BenchmarkTest00262,pathtraver,true,22,2026-01-29T20:03:32.517Z,2026-01-29T20:03:32.517Z
263,BenchmarkTest00263,pathtraver,false,22,2026-01-29T20:03:32.519Z,2026-01-29T20:03:32.519Z
264,BenchmarkTest00264,pathtraver,true,22,2026-01-29T20:03:32.520Z,2026-01-29T20:03:32.520Z
265,BenchmarkTest00265,pathtraver,false,22,2026-01-29T20:03:32.521Z,2026-01-29T20:03:32.521Z
266,BenchmarkTest00266,hash,true,328,2026-01-29T20:03:32.522Z,2026-01-29T20:03:32.522Z
267,BenchmarkTest00267,hash,true,328,2026-01-29T20:03:32.523Z,2026-01-29T20:03:32.523Z
268,BenchmarkTest00268,hash,true,328,2026-01-29T20:03:32.525Z,2026-01-29T20:03:32.525Z
269,BenchmarkTest00269,hash,true,328,2026-01-29T20:03:32.526Z,2026-01-29T20:03:32.526Z
270,BenchmarkTest00270,hash,false,328,2026-01-29T20:03:32.529Z,2026-01-29T20:03:32.529Z
271,BenchmarkTest00271,hash,false,328,2026-01-29T20:03:32.532Z,2026-01-29T20:03:32.532Z
272,BenchmarkTest00272,hash,true,328,2026-01-29T20:03:32.539Z,2026-01-29T20:03:32.539Z
273,BenchmarkTest00273,hash,true,328,2026-01-29T20:03:32.543Z,2026-01-29T20:03:32.543Z
274,BenchmarkTest00274,hash,true,328,2026-01-29T20:03:32.546Z,2026-01-29T20:03:32.546Z
275,BenchmarkTest00275,xss,false,79,2026-01-29T20:03:32.549Z,2026-01-29T20:03:32.549Z
276,BenchmarkTest00276,xss,true,79,2026-01-29T20:03:32.552Z,2026-01-29T20:03:32.552Z
277,BenchmarkTest00277,xss,false,79,2026-01-29T20:03:32.556Z,2026-01-29T20:03:32.556Z
278,BenchmarkTest00278,xss,false,79,2026-01-29T20:03:32.560Z,2026-01-29T20:03:32.560Z
279,BenchmarkTest00279,xss,true,79,2026-01-29T20:03:32.565Z,2026-01-29T20:03:32.565Z
280,BenchmarkTest00280,xss,true,79,2026-01-29T20:03:32.567Z,2026-01-29T20:03:32.567Z
281,BenchmarkTest00281,xss,false,79,2026-01-29T20:03:32.568Z,2026-01-29T20:03:32.568Z
282,BenchmarkTest00282,xss,false,79,2026-01-29T20:03:32.569Z,2026-01-29T20:03:32.569Z
283,BenchmarkTest00283,xss,false,79,2026-01-29T20:03:32.570Z,2026-01-29T20:03:32.570Z
284,BenchmarkTest00284,xss,true,79,2026-01-29T20:03:32.571Z,2026-01-29T20:03:32.571Z
285,BenchmarkTest00285,xss,false,79,2026-01-29T20:03:32.572Z,2026-01-29T20:03:32.572Z
286,BenchmarkTest00286,xss,false,79,2026-01-29T20:03:32.573Z,2026-01-29T20:03:32.573Z
287,BenchmarkTest00287,xss,true,79,2026-01-29T20:03:32.574Z,2026-01-29T20:03:32.574Z
288,BenchmarkTest00288,xss,false,79,2026-01-29T20:03:32.575Z,2026-01-29T20:03:32.575Z
289,BenchmarkTest00289,xss,false,79,2026-01-29T20:03:32.576Z,2026-01-29T20:03:32.576Z
290,BenchmarkTest00290,xss,true,79,2026-01-29T20:03:32.577Z,2026-01-29T20:03:32.577Z
291,BenchmarkTest00291,xss,true,79,2026-01-29T20:03:32.578Z,2026-01-29T20:03:32.578Z
292,BenchmarkTest00292,xss,true,79,2026-01-29T20:03:32.578Z,2026-01-29T20:03:32.578Z
293,BenchmarkTest00293,cmdi,true,78,2026-01-29T20:03:32.579Z,2026-01-29T20:03:32.579Z
294,BenchmarkTest00294,cmdi,true,78,2026-01-29T20:03:32.581Z,2026-01-29T20:03:32.581Z
295,BenchmarkTest00295,cmdi,true,78,2026-01-29T20:03:32.582Z,2026-01-29T20:03:32.582Z
296,BenchmarkTest00296,weakrand,true,330,2026-01-29T20:03:32.582Z,2026-01-29T20:03:32.582Z
297,BenchmarkTest00297,weakrand,true,330,2026-01-29T20:03:32.583Z,2026-01-29T20:03:32.583Z
298,BenchmarkTest00298,weakrand,true,330,2026-01-29T20:03:32.584Z,2026-01-29T20:03:32.584Z
299,BenchmarkTest00299,weakrand,true,330,2026-01-29T20:03:32.586Z,2026-01-29T20:03:32.586Z
300,BenchmarkTest00300,securecookie,true,614,2026-01-29T20:03:32.588Z,2026-01-29T20:03:32.588Z
301,BenchmarkTest00301,xss,true,79,2026-01-29T20:03:32.590Z,2026-01-29T20:03:32.590Z
302,BenchmarkTest00302,cmdi,true,78,2026-01-29T20:03:32.593Z,2026-01-29T20:03:32.593Z
303,BenchmarkTest00303,cmdi,true,78,2026-01-29T20:03:32.597Z,2026-01-29T20:03:32.597Z
304,BenchmarkTest00304,cmdi,true,78,2026-01-29T20:03:32.602Z,2026-01-29T20:03:32.602Z
305,BenchmarkTest00305,cmdi,false,78,2026-01-29T20:03:32.604Z,2026-01-29T20:03:32.604Z
306,BenchmarkTest00306,cmdi,true,78,2026-01-29T20:03:32.607Z,2026-01-29T20:03:32.607Z
307,BenchmarkTest00307,cmdi,false,78,2026-01-29T20:03:32.609Z,2026-01-29T20:03:32.609Z
308,BenchmarkTest00308,cmdi,false,78,2026-01-29T20:03:32.610Z,2026-01-29T20:03:32.610Z
309,BenchmarkTest00309,cmdi,false,78,2026-01-29T20:03:32.611Z,2026-01-29T20:03:32.611Z
310,BenchmarkTest00310,cmdi,false,78,2026-01-29T20:03:32.613Z,2026-01-29T20:03:32.613Z
311,BenchmarkTest00311,cmdi,true,78,2026-01-29T20:03:32.614Z,2026-01-29T20:03:32.614Z
312,BenchmarkTest00312,weakrand,false,330,2026-01-29T20:03:32.615Z,2026-01-29T20:03:32.615Z
313,BenchmarkTest00313,weakrand,false,330,2026-01-29T20:03:32.617Z,2026-01-29T20:03:32.617Z
314,BenchmarkTest00314,weakrand,false,330,2026-01-29T20:03:32.618Z,2026-01-29T20:03:32.618Z
315,BenchmarkTest00315,weakrand,false,330,2026-01-29T20:03:32.619Z,2026-01-29T20:03:32.619Z
316,BenchmarkTest00316,weakrand,false,330,2026-01-29T20:03:32.620Z,2026-01-29T20:03:32.620Z
317,BenchmarkTest00317,weakrand,false,330,2026-01-29T20:03:32.622Z,2026-01-29T20:03:32.622Z
318,BenchmarkTest00318,weakrand,false,330,2026-01-29T20:03:32.623Z,2026-01-29T20:03:32.623Z
319,BenchmarkTest00319,weakrand,false,330,2026-01-29T20:03:32.626Z,2026-01-29T20:03:32.626Z
320,BenchmarkTest00320,weakrand,false,330,2026-01-29T20:03:32.629Z,2026-01-29T20:03:32.629Z
321,BenchmarkTest00321,trustbound,true,501,2026-01-29T20:03:32.630Z,2026-01-29T20:03:32.630Z
322,BenchmarkTest00322,trustbound,false,501,2026-01-29T20:03:32.632Z,2026-01-29T20:03:32.632Z
323,BenchmarkTest00323,trustbound,false,501,2026-01-29T20:03:32.633Z,2026-01-29T20:03:32.633Z
324,BenchmarkTest00324,trustbound,true,501,2026-01-29T20:03:32.635Z,2026-01-29T20:03:32.635Z
325,BenchmarkTest00325,trustbound,true,501,2026-01-29T20:03:32.636Z,2026-01-29T20:03:32.636Z
326,BenchmarkTest00326,trustbound,true,501,2026-01-29T20:03:32.637Z,2026-01-29T20:03:32.637Z
327,BenchmarkTest00327,trustbound,true,501,2026-01-29T20:03:32.638Z,2026-01-29T20:03:32.638Z
328,BenchmarkTest00328,sqli,true,89,2026-01-29T20:03:32.639Z,2026-01-29T20:03:32.639Z
329,BenchmarkTest00329,sqli,false,89,2026-01-29T20:03:32.640Z,2026-01-29T20:03:32.640Z
330,BenchmarkTest00330,sqli,false,89,2026-01-29T20:03:32.641Z,2026-01-29T20:03:32.641Z
331,BenchmarkTest00331,sqli,false,89,2026-01-29T20:03:32.645Z,2026-01-29T20:03:32.645Z
332,BenchmarkTest00332,sqli,false,89,2026-01-29T20:03:32.650Z,2026-01-29T20:03:32.650Z
333,BenchmarkTest00333,sqli,false,89,2026-01-29T20:03:32.652Z,2026-01-29T20:03:32.652Z
334,BenchmarkTest00334,sqli,false,89,2026-01-29T20:03:32.656Z,2026-01-29T20:03:32.656Z
335,BenchmarkTest00335,sqli,true,89,2026-01-29T20:03:32.661Z,2026-01-29T20:03:32.661Z
336,BenchmarkTest00336,sqli,false,89,2026-01-29T20:03:32.664Z,2026-01-29T20:03:32.664Z
337,BenchmarkTest00337,sqli,true,89,2026-01-29T20:03:32.666Z,2026-01-29T20:03:32.666Z
338,BenchmarkTest00338,sqli,false,89,2026-01-29T20:03:32.670Z,2026-01-29T20:03:32.670Z
339,BenchmarkTest00339,sqli,true,89,2026-01-29T20:03:32.674Z,2026-01-29T20:03:32.674Z
340,BenchmarkTest00340,sqli,false,89,2026-01-29T20:03:32.677Z,2026-01-29T20:03:32.677Z
341,BenchmarkTest00341,sqli,true,89,2026-01-29T20:03:32.681Z,2026-01-29T20:03:32.681Z
342,BenchmarkTest00342,sqli,true,89,2026-01-29T20:03:32.685Z,2026-01-29T20:03:32.685Z
343,BenchmarkTest00343,sqli,false,89,2026-01-29T20:03:32.687Z,2026-01-29T20:03:32.687Z
344,BenchmarkTest00344,sqli,false,89,2026-01-29T20:03:32.688Z,2026-01-29T20:03:32.688Z
345,BenchmarkTest00345,crypto,false,327,2026-01-29T20:03:32.689Z,2026-01-29T20:03:32.689Z
346,BenchmarkTest00346,hash,true,328,2026-01-29T20:03:32.690Z,2026-01-29T20:03:32.690Z
347,BenchmarkTest00347,weakrand,true,330,2026-01-29T20:03:32.691Z,2026-01-29T20:03:32.691Z
348,BenchmarkTest00348,securecookie,true,614,2026-01-29T20:03:32.692Z,2026-01-29T20:03:32.692Z
349,BenchmarkTest00349,weakrand,false,330,2026-01-29T20:03:32.693Z,2026-01-29T20:03:32.693Z
350,BenchmarkTest00350,crypto,false,327,2026-01-29T20:03:32.694Z,2026-01-29T20:03:32.694Z
351,BenchmarkTest00351,crypto,false,327,2026-01-29T20:03:32.695Z,2026-01-29T20:03:32.695Z
352,BenchmarkTest00352,crypto,false,327,2026-01-29T20:03:32.696Z,2026-01-29T20:03:32.696Z
353,BenchmarkTest00353,crypto,false,327,2026-01-29T20:03:32.697Z,2026-01-29T20:03:32.697Z
354,BenchmarkTest00354,crypto,true,327,2026-01-29T20:03:32.698Z,2026-01-29T20:03:32.698Z
355,BenchmarkTest00355,crypto,true,327,2026-01-29T20:03:32.699Z,2026-01-29T20:03:32.699Z
356,BenchmarkTest00356,crypto,true,327,2026-01-29T20:03:32.702Z,2026-01-29T20:03:32.702Z
357,BenchmarkTest00357,crypto,false,327,2026-01-29T20:03:32.704Z,2026-01-29T20:03:32.704Z
358,BenchmarkTest00358,crypto,false,327,2026-01-29T20:03:32.705Z,2026-01-29T20:03:32.705Z
359,BenchmarkTest00359,pathtraver,true,22,2026-01-29T20:03:32.707Z,2026-01-29T20:03:32.707Z
360,BenchmarkTest00360,pathtraver,true,22,2026-01-29T20:03:32.708Z,2026-01-29T20:03:32.708Z
361,BenchmarkTest00361,pathtraver,false,22,2026-01-29T20:03:32.709Z,2026-01-29T20:03:32.709Z
362,BenchmarkTest00362,pathtraver,true,22,2026-01-29T20:03:32.710Z,2026-01-29T20:03:32.710Z
363,BenchmarkTest00363,pathtraver,true,22,2026-01-29T20:03:32.712Z,2026-01-29T20:03:32.712Z
364,BenchmarkTest00364,pathtraver,false,22,2026-01-29T20:03:32.713Z,2026-01-29T20:03:32.713Z
365,BenchmarkTest00365,pathtraver,false,22,2026-01-29T20:03:32.714Z,2026-01-29T20:03:32.714Z
366,BenchmarkTest00366,pathtraver,false,22,2026-01-29T20:03:32.715Z,2026-01-29T20:03:32.715Z
367,BenchmarkTest00367,ldapi,false,90,2026-01-29T20:03:32.716Z,2026-01-29T20:03:32.716Z
368,BenchmarkTest00368,weakrand,true,330,2026-01-29T20:03:32.717Z,2026-01-29T20:03:32.717Z
369,BenchmarkTest00369,weakrand,true,330,2026-01-29T20:03:32.718Z,2026-01-29T20:03:32.718Z
370,BenchmarkTest00370,hash,false,328,2026-01-29T20:03:32.719Z,2026-01-29T20:03:32.719Z
371,BenchmarkTest00371,hash,true,328,2026-01-29T20:03:32.720Z,2026-01-29T20:03:32.720Z
372,BenchmarkTest00372,hash,true,328,2026-01-29T20:03:32.721Z,2026-01-29T20:03:32.721Z
373,BenchmarkTest00373,hash,false,328,2026-01-29T20:03:32.722Z,2026-01-29T20:03:32.722Z
374,BenchmarkTest00374,hash,true,328,2026-01-29T20:03:32.724Z,2026-01-29T20:03:32.724Z
375,BenchmarkTest00375,xss,true,79,2026-01-29T20:03:32.725Z,2026-01-29T20:03:32.725Z
376,BenchmarkTest00376,xss,true,79,2026-01-29T20:03:32.729Z,2026-01-29T20:03:32.729Z
377,BenchmarkTest00377,xss,false,79,2026-01-29T20:03:32.732Z,2026-01-29T20:03:32.732Z
378,BenchmarkTest00378,xss,true,79,2026-01-29T20:03:32.736Z,2026-01-29T20:03:32.736Z
379,BenchmarkTest00379,xss,false,79,2026-01-29T20:03:32.740Z,2026-01-29T20:03:32.740Z
380,BenchmarkTest00380,xss,true,79,2026-01-29T20:03:32.744Z,2026-01-29T20:03:32.744Z
381,BenchmarkTest00381,xss,false,79,2026-01-29T20:03:32.748Z,2026-01-29T20:03:32.748Z
382,BenchmarkTest00382,xss,true,79,2026-01-29T20:03:32.752Z,2026-01-29T20:03:32.752Z
383,BenchmarkTest00383,xss,true,79,2026-01-29T20:03:32.756Z,2026-01-29T20:03:32.756Z
384,BenchmarkTest00384,xss,true,79,2026-01-29T20:03:32.760Z,2026-01-29T20:03:32.760Z
385,BenchmarkTest00385,xss,true,79,2026-01-29T20:03:32.764Z,2026-01-29T20:03:32.764Z
386,BenchmarkTest00386,xss,false,79,2026-01-29T20:03:32.767Z,2026-01-29T20:03:32.767Z
387,BenchmarkTest00387,xss,true,79,2026-01-29T20:03:32.770Z,2026-01-29T20:03:32.770Z
388,BenchmarkTest00388,xss,true,79,2026-01-29T20:03:32.773Z,2026-01-29T20:03:32.773Z
389,BenchmarkTest00389,xss,false,79,2026-01-29T20:03:32.778Z,2026-01-29T20:03:32.778Z
390,BenchmarkTest00390,xss,true,79,2026-01-29T20:03:32.786Z,2026-01-29T20:03:32.786Z
391,BenchmarkTest00391,xss,false,79,2026-01-29T20:03:32.791Z,2026-01-29T20:03:32.791Z
392,BenchmarkTest00392,xss,true,79,2026-01-29T20:03:32.795Z,2026-01-29T20:03:32.795Z
393,BenchmarkTest00393,xss,false,79,2026-01-29T20:03:32.799Z,2026-01-29T20:03:32.799Z
394,BenchmarkTest00394,xss,false,79,2026-01-29T20:03:32.805Z,2026-01-29T20:03:32.805Z
395,BenchmarkTest00395,xss,true,79,2026-01-29T20:03:32.807Z,2026-01-29T20:03:32.807Z
396,BenchmarkTest00396,cmdi,false,78,2026-01-29T20:03:32.809Z,2026-01-29T20:03:32.809Z
397,BenchmarkTest00397,weakrand,true,330,2026-01-29T20:03:32.810Z,2026-01-29T20:03:32.810Z
398,BenchmarkTest00398,weakrand,true,330,2026-01-29T20:03:32.811Z,2026-01-29T20:03:32.811Z
399,BenchmarkTest00399,weakrand,true,330,2026-01-29T20:03:32.812Z,2026-01-29T20:03:32.812Z
400,BenchmarkTest00400,weakrand,true,330,2026-01-29T20:03:32.813Z,2026-01-29T20:03:32.813Z
401,BenchmarkTest00401,weakrand,true,330,2026-01-29T20:03:32.815Z,2026-01-29T20:03:32.815Z
402,BenchmarkTest00402,weakrand,true,330,2026-01-29T20:03:32.816Z,2026-01-29T20:03:32.816Z
403,BenchmarkTest00403,securecookie,true,614,2026-01-29T20:03:32.817Z,2026-01-29T20:03:32.817Z
404,BenchmarkTest00404,securecookie,false,614,2026-01-29T20:03:32.819Z,2026-01-29T20:03:32.819Z
405,BenchmarkTest00405,securecookie,false,614,2026-01-29T20:03:32.820Z,2026-01-29T20:03:32.820Z
406,BenchmarkTest00406,cmdi,false,78,2026-01-29T20:03:32.821Z,2026-01-29T20:03:32.821Z
407,BenchmarkTest00407,cmdi,true,78,2026-01-29T20:03:32.826Z,2026-01-29T20:03:32.826Z
408,BenchmarkTest00408,cmdi,false,78,2026-01-29T20:03:32.828Z,2026-01-29T20:03:32.828Z
409,BenchmarkTest00409,cmdi,true,78,2026-01-29T20:03:32.829Z,2026-01-29T20:03:32.829Z
410,BenchmarkTest00410,cmdi,false,78,2026-01-29T20:03:32.830Z,2026-01-29T20:03:32.830Z
411,BenchmarkTest00411,cmdi,false,78,2026-01-29T20:03:32.831Z,2026-01-29T20:03:32.831Z
412,BenchmarkTest00412,cmdi,false,78,2026-01-29T20:03:32.833Z,2026-01-29T20:03:32.833Z
413,BenchmarkTest00413,weakrand,false,330,2026-01-29T20:03:32.834Z,2026-01-29T20:03:32.834Z
414,BenchmarkTest00414,weakrand,false,330,2026-01-29T20:03:32.835Z,2026-01-29T20:03:32.835Z
415,BenchmarkTest00415,weakrand,false,330,2026-01-29T20:03:32.836Z,2026-01-29T20:03:32.836Z
416,BenchmarkTest00416,weakrand,false,330,2026-01-29T20:03:32.837Z,2026-01-29T20:03:32.837Z
417,BenchmarkTest00417,weakrand,false,330,2026-01-29T20:03:32.838Z,2026-01-29T20:03:32.838Z
418,BenchmarkTest00418,weakrand,false,330,2026-01-29T20:03:32.839Z,2026-01-29T20:03:32.839Z
419,BenchmarkTest00419,weakrand,false,330,2026-01-29T20:03:32.840Z,2026-01-29T20:03:32.840Z
420,BenchmarkTest00420,weakrand,false,330,2026-01-29T20:03:32.841Z,2026-01-29T20:03:32.841Z
421,BenchmarkTest00421,weakrand,false,330,2026-01-29T20:03:32.842Z,2026-01-29T20:03:32.842Z
422,BenchmarkTest00422,weakrand,false,330,2026-01-29T20:03:32.843Z,2026-01-29T20:03:32.843Z
423,BenchmarkTest00423,weakrand,false,330,2026-01-29T20:03:32.844Z,2026-01-29T20:03:32.844Z
424,BenchmarkTest00424,trustbound,true,501,2026-01-29T20:03:32.845Z,2026-01-29T20:03:32.845Z
425,BenchmarkTest00425,trustbound,true,501,2026-01-29T20:03:32.846Z,2026-01-29T20:03:32.846Z
426,BenchmarkTest00426,trustbound,true,501,2026-01-29T20:03:32.847Z,2026-01-29T20:03:32.847Z
427,BenchmarkTest00427,trustbound,true,501,2026-01-29T20:03:32.848Z,2026-01-29T20:03:32.848Z
428,BenchmarkTest00428,sqli,true,89,2026-01-29T20:03:32.849Z,2026-01-29T20:03:32.849Z
429,BenchmarkTest00429,sqli,true,89,2026-01-29T20:03:32.850Z,2026-01-29T20:03:32.850Z
430,BenchmarkTest00430,sqli,false,89,2026-01-29T20:03:32.851Z,2026-01-29T20:03:32.851Z
431,BenchmarkTest00431,sqli,true,89,2026-01-29T20:03:32.852Z,2026-01-29T20:03:32.852Z
432,BenchmarkTest00432,sqli,false,89,2026-01-29T20:03:32.853Z,2026-01-29T20:03:32.853Z
433,BenchmarkTest00433,sqli,true,89,2026-01-29T20:03:32.854Z,2026-01-29T20:03:32.854Z
434,BenchmarkTest00434,sqli,true,89,2026-01-29T20:03:32.855Z,2026-01-29T20:03:32.855Z
435,BenchmarkTest00435,sqli,true,89,2026-01-29T20:03:32.856Z,2026-01-29T20:03:32.856Z
436,BenchmarkTest00436,sqli,false,89,2026-01-29T20:03:32.857Z,2026-01-29T20:03:32.857Z
437,BenchmarkTest00437,sqli,false,89,2026-01-29T20:03:32.858Z,2026-01-29T20:03:32.858Z
438,BenchmarkTest00438,sqli,true,89,2026-01-29T20:03:32.859Z,2026-01-29T20:03:32.859Z
439,BenchmarkTest00439,sqli,true,89,2026-01-29T20:03:32.860Z,2026-01-29T20:03:32.860Z
440,BenchmarkTest00440,sqli,false,89,2026-01-29T20:03:32.861Z,2026-01-29T20:03:32.861Z
441,BenchmarkTest00441,sqli,true,89,2026-01-29T20:03:32.862Z,2026-01-29T20:03:32.862Z
442,BenchmarkTest00442,xpathi,true,643,2026-01-29T20:03:32.863Z,2026-01-29T20:03:32.863Z
443,BenchmarkTest00443,crypto,false,327,2026-01-29T20:03:32.864Z,2026-01-29T20:03:32.864Z
444,BenchmarkTest00444,crypto,false,327,2026-01-29T20:03:32.865Z,2026-01-29T20:03:32.865Z
445,BenchmarkTest00445,crypto,true,327,2026-01-29T20:03:32.868Z,2026-01-29T20:03:32.868Z
446,BenchmarkTest00446,crypto,true,327,2026-01-29T20:03:32.870Z,2026-01-29T20:03:32.870Z
447,BenchmarkTest00447,crypto,false,327,2026-01-29T20:03:32.873Z,2026-01-29T20:03:32.873Z
448,BenchmarkTest00448,crypto,true,327,2026-01-29T20:03:32.876Z,2026-01-29T20:03:32.876Z
449,BenchmarkTest00449,crypto,true,327,2026-01-29T20:03:32.878Z,2026-01-29T20:03:32.878Z
450,BenchmarkTest00450,crypto,false,327,2026-01-29T20:03:32.880Z,2026-01-29T20:03:32.880Z
451,BenchmarkTest00451,crypto,false,327,2026-01-29T20:03:32.883Z,2026-01-29T20:03:32.883Z
452,BenchmarkTest00452,pathtraver,true,22,2026-01-29T20:03:32.885Z,2026-01-29T20:03:32.885Z
453,BenchmarkTest00453,pathtraver,true,22,2026-01-29T20:03:32.886Z,2026-01-29T20:03:32.886Z
454,BenchmarkTest00454,pathtraver,false,22,2026-01-29T20:03:32.888Z,2026-01-29T20:03:32.888Z
455,BenchmarkTest00455,pathtraver,true,22,2026-01-29T20:03:32.889Z,2026-01-29T20:03:32.889Z
456,BenchmarkTest00456,pathtraver,true,22,2026-01-29T20:03:32.891Z,2026-01-29T20:03:32.891Z
457,BenchmarkTest00457,pathtraver,true,22,2026-01-29T20:03:32.895Z,2026-01-29T20:03:32.895Z
458,BenchmarkTest00458,pathtraver,false,22,2026-01-29T20:03:32.897Z,2026-01-29T20:03:32.897Z
459,BenchmarkTest00459,pathtraver,true,22,2026-01-29T20:03:32.898Z,2026-01-29T20:03:32.898Z
460,BenchmarkTest00460,pathtraver,false,22,2026-01-29T20:03:32.899Z,2026-01-29T20:03:32.899Z
461,BenchmarkTest00461,weakrand,true,330,2026-01-29T20:03:32.900Z,2026-01-29T20:03:32.900Z
462,BenchmarkTest00462,hash,true,328,2026-01-29T20:03:32.905Z,2026-01-29T20:03:32.905Z
463,BenchmarkTest00463,hash,false,328,2026-01-29T20:03:32.909Z,2026-01-29T20:03:32.909Z
464,BenchmarkTest00464,hash,true,328,2026-01-29T20:03:32.913Z,2026-01-29T20:03:32.913Z
465,BenchmarkTest00465,hash,true,328,2026-01-29T20:03:32.921Z,2026-01-29T20:03:32.921Z
466,BenchmarkTest00466,hash,false,328,2026-01-29T20:03:32.927Z,2026-01-29T20:03:32.927Z
467,BenchmarkTest00467,xss,true,79,2026-01-29T20:03:32.935Z,2026-01-29T20:03:32.935Z
468,BenchmarkTest00468,xss,false,79,2026-01-29T20:03:32.942Z,2026-01-29T20:03:32.942Z
469,BenchmarkTest00469,xss,false,79,2026-01-29T20:03:32.947Z,2026-01-29T20:03:32.947Z
470,BenchmarkTest00470,xss,false,79,2026-01-29T20:03:32.951Z,2026-01-29T20:03:32.951Z
471,BenchmarkTest00471,xss,false,79,2026-01-29T20:03:32.955Z,2026-01-29T20:03:32.955Z
472,BenchmarkTest00472,xss,true,79,2026-01-29T20:03:32.960Z,2026-01-29T20:03:32.960Z
473,BenchmarkTest00473,xss,true,79,2026-01-29T20:03:32.964Z,2026-01-29T20:03:32.964Z
474,BenchmarkTest00474,xss,false,79,2026-01-29T20:03:32.965Z,2026-01-29T20:03:32.965Z
475,BenchmarkTest00475,xss,true,79,2026-01-29T20:03:32.967Z,2026-01-29T20:03:32.967Z
476,BenchmarkTest00476,xss,false,79,2026-01-29T20:03:32.969Z,2026-01-29T20:03:32.969Z
477,BenchmarkTest00477,xss,true,79,2026-01-29T20:03:32.970Z,2026-01-29T20:03:32.970Z
478,BenchmarkTest00478,xss,true,79,2026-01-29T20:03:32.971Z,2026-01-29T20:03:32.971Z
479,BenchmarkTest00479,xss,false,79,2026-01-29T20:03:32.973Z,2026-01-29T20:03:32.973Z
480,BenchmarkTest00480,cmdi,true,78,2026-01-29T20:03:32.974Z,2026-01-29T20:03:32.974Z
481,BenchmarkTest00481,cmdi,false,78,2026-01-29T20:03:32.975Z,2026-01-29T20:03:32.975Z
482,BenchmarkTest00482,weakrand,true,330,2026-01-29T20:03:32.976Z,2026-01-29T20:03:32.976Z
483,BenchmarkTest00483,weakrand,true,330,2026-01-29T20:03:32.978Z,2026-01-29T20:03:32.978Z
484,BenchmarkTest00484,weakrand,true,330,2026-01-29T20:03:32.985Z,2026-01-29T20:03:32.985Z
485,BenchmarkTest00485,weakrand,true,330,2026-01-29T20:03:33.002Z,2026-01-29T20:03:33.002Z
486,BenchmarkTest00486,weakrand,true,330,2026-01-29T20:03:33.007Z,2026-01-29T20:03:33.007Z
487,BenchmarkTest00487,weakrand,true,330,2026-01-29T20:03:33.008Z,2026-01-29T20:03:33.008Z
488,BenchmarkTest00488,weakrand,true,330,2026-01-29T20:03:33.010Z,2026-01-29T20:03:33.010Z
489,BenchmarkTest00489,weakrand,true,330,2026-01-29T20:03:33.013Z,2026-01-29T20:03:33.013Z
490,BenchmarkTest00490,weakrand,true,330,2026-01-29T20:03:33.016Z,2026-01-29T20:03:33.016Z
491,BenchmarkTest00491,securecookie,true,614,2026-01-29T20:03:33.023Z,2026-01-29T20:03:33.023Z
492,BenchmarkTest00492,xss,true,79,2026-01-29T20:03:33.027Z,2026-01-29T20:03:33.027Z
493,BenchmarkTest00493,xss,false,79,2026-01-29T20:03:33.031Z,2026-01-29T20:03:33.031Z
494,BenchmarkTest00494,cmdi,false,78,2026-01-29T20:03:33.038Z,2026-01-29T20:03:33.038Z
495,BenchmarkTest00495,cmdi,true,78,2026-01-29T20:03:33.045Z,2026-01-29T20:03:33.045Z
496,BenchmarkTest00496,cmdi,true,78,2026-01-29T20:03:33.056Z,2026-01-29T20:03:33.056Z
497,BenchmarkTest00497,cmdi,true,78,2026-01-29T20:03:33.063Z,2026-01-29T20:03:33.063Z
498,BenchmarkTest00498,cmdi,true,78,2026-01-29T20:03:33.071Z,2026-01-29T20:03:33.071Z
499,BenchmarkTest00499,cmdi,true,78,2026-01-29T20:03:33.077Z,2026-01-29T20:03:33.077Z
500,BenchmarkTest00500,cmdi,true,78,2026-01-29T20:03:33.084Z,2026-01-29T20:03:33.084Z
501,BenchmarkTest00501,weakrand,false,330,2026-01-29T20:03:33.088Z,2026-01-29T20:03:33.088Z
502,BenchmarkTest00502,weakrand,false,330,2026-01-29T20:03:33.090Z,2026-01-29T20:03:33.090Z
503,BenchmarkTest00503,weakrand,false,330,2026-01-29T20:03:33.101Z,2026-01-29T20:03:33.101Z
504,BenchmarkTest00504,weakrand,false,330,2026-01-29T20:03:33.117Z,2026-01-29T20:03:33.117Z
505,BenchmarkTest00505,weakrand,false,330,2026-01-29T20:03:33.129Z,2026-01-29T20:03:33.129Z
506,BenchmarkTest00506,weakrand,false,330,2026-01-29T20:03:33.132Z,2026-01-29T20:03:33.132Z
507,BenchmarkTest00507,weakrand,false,330,2026-01-29T20:03:33.140Z,2026-01-29T20:03:33.140Z
508,BenchmarkTest00508,trustbound,true,501,2026-01-29T20:03:33.143Z,2026-01-29T20:03:33.143Z
509,BenchmarkTest00509,sqli,false,89,2026-01-29T20:03:33.149Z,2026-01-29T20:03:33.149Z
510,BenchmarkTest00510,sqli,true,89,2026-01-29T20:03:33.154Z,2026-01-29T20:03:33.154Z
511,BenchmarkTest00511,sqli,false,89,2026-01-29T20:03:33.160Z,2026-01-29T20:03:33.160Z
512,BenchmarkTest00512,sqli,true,89,2026-01-29T20:03:33.168Z,2026-01-29T20:03:33.168Z
513,BenchmarkTest00513,sqli,false,89,2026-01-29T20:03:33.180Z,2026-01-29T20:03:33.180Z
514,BenchmarkTest00514,sqli,false,89,2026-01-29T20:03:33.184Z,2026-01-29T20:03:33.184Z
515,BenchmarkTest00515,sqli,true,89,2026-01-29T20:03:33.191Z,2026-01-29T20:03:33.191Z
516,BenchmarkTest00516,sqli,true,89,2026-01-29T20:03:33.197Z,2026-01-29T20:03:33.197Z
517,BenchmarkTest00517,sqli,false,89,2026-01-29T20:03:33.204Z,2026-01-29T20:03:33.204Z
518,BenchmarkTest00518,sqli,true,89,2026-01-29T20:03:33.212Z,2026-01-29T20:03:33.212Z
519,BenchmarkTest00519,sqli,false,89,2026-01-29T20:03:33.218Z,2026-01-29T20:03:33.218Z
520,BenchmarkTest00520,xpathi,false,643,2026-01-29T20:03:33.223Z,2026-01-29T20:03:33.223Z
521,BenchmarkTest00521,crypto,true,327,2026-01-29T20:03:33.227Z,2026-01-29T20:03:33.227Z
522,BenchmarkTest00522,crypto,true,327,2026-01-29T20:03:33.230Z,2026-01-29T20:03:33.230Z
523,BenchmarkTest00523,crypto,false,327,2026-01-29T20:03:33.234Z,2026-01-29T20:03:33.234Z
524,BenchmarkTest00524,crypto,false,327,2026-01-29T20:03:33.236Z,2026-01-29T20:03:33.236Z
525,BenchmarkTest00525,pathtraver,true,22,2026-01-29T20:03:33.239Z,2026-01-29T20:03:33.239Z
526,BenchmarkTest00526,pathtraver,true,22,2026-01-29T20:03:33.241Z,2026-01-29T20:03:33.241Z
527,BenchmarkTest00527,pathtraver,true,22,2026-01-29T20:03:33.244Z,2026-01-29T20:03:33.244Z
528,BenchmarkTest00528,pathtraver,true,22,2026-01-29T20:03:33.247Z,2026-01-29T20:03:33.247Z
529,BenchmarkTest00529,pathtraver,true,22,2026-01-29T20:03:33.249Z,2026-01-29T20:03:33.249Z
530,BenchmarkTest00530,ldapi,false,90,2026-01-29T20:03:33.252Z,2026-01-29T20:03:33.252Z
531,BenchmarkTest00531,hash,true,328,2026-01-29T20:03:33.255Z,2026-01-29T20:03:33.255Z
532,BenchmarkTest00532,hash,true,328,2026-01-29T20:03:33.259Z,2026-01-29T20:03:33.259Z
533,BenchmarkTest00533,hash,true,328,2026-01-29T20:03:33.267Z,2026-01-29T20:03:33.267Z
534,BenchmarkTest00534,hash,true,328,2026-01-29T20:03:33.274Z,2026-01-29T20:03:33.274Z
535,BenchmarkTest00535,hash,false,328,2026-01-29T20:03:33.282Z,2026-01-29T20:03:33.282Z
536,BenchmarkTest00536,hash,true,328,2026-01-29T20:03:33.288Z,2026-01-29T20:03:33.288Z
537,BenchmarkTest00537,hash,true,328,2026-01-29T20:03:33.293Z,2026-01-29T20:03:33.293Z
538,BenchmarkTest00538,hash,false,328,2026-01-29T20:03:33.296Z,2026-01-29T20:03:33.296Z
539,BenchmarkTest00539,hash,false,328,2026-01-29T20:03:33.300Z,2026-01-29T20:03:33.300Z
540,BenchmarkTest00540,hash,false,328,2026-01-29T20:03:33.305Z,2026-01-29T20:03:33.305Z
541,BenchmarkTest00541,xss,true,79,2026-01-29T20:03:33.309Z,2026-01-29T20:03:33.309Z
542,BenchmarkTest00542,xss,true,79,2026-01-29T20:03:33.313Z,2026-01-29T20:03:33.313Z
543,BenchmarkTest00543,xss,true,79,2026-01-29T20:03:33.318Z,2026-01-29T20:03:33.318Z
544,BenchmarkTest00544,xss,false,79,2026-01-29T20:03:33.322Z,2026-01-29T20:03:33.322Z
545,BenchmarkTest00545,xss,false,79,2026-01-29T20:03:33.325Z,2026-01-29T20:03:33.325Z
546,BenchmarkTest00546,xss,false,79,2026-01-29T20:03:33.328Z,2026-01-29T20:03:33.328Z
547,BenchmarkTest00547,xss,true,79,2026-01-29T20:03:33.329Z,2026-01-29T20:03:33.329Z
548,BenchmarkTest00548,xss,false,79,2026-01-29T20:03:33.330Z,2026-01-29T20:03:33.330Z
549,BenchmarkTest00549,xss,true,79,2026-01-29T20:03:33.331Z,2026-01-29T20:03:33.331Z
550,BenchmarkTest00550,xss,false,79,2026-01-29T20:03:33.332Z,2026-01-29T20:03:33.332Z
551,BenchmarkTest00551,xss,true,79,2026-01-29T20:03:33.333Z,2026-01-29T20:03:33.333Z
552,BenchmarkTest00552,xss,true,79,2026-01-29T20:03:33.334Z,2026-01-29T20:03:33.334Z
553,BenchmarkTest00553,xss,false,79,2026-01-29T20:03:33.335Z,2026-01-29T20:03:33.335Z
554,BenchmarkTest00554,xss,true,79,2026-01-29T20:03:33.336Z,2026-01-29T20:03:33.336Z
555,BenchmarkTest00555,xss,true,79,2026-01-29T20:03:33.337Z,2026-01-29T20:03:33.337Z
556,BenchmarkTest00556,xss,false,79,2026-01-29T20:03:33.338Z,2026-01-29T20:03:33.338Z
557,BenchmarkTest00557,xss,true,79,2026-01-29T20:03:33.342Z,2026-01-29T20:03:33.342Z
558,BenchmarkTest00558,cmdi,false,78,2026-01-29T20:03:33.343Z,2026-01-29T20:03:33.343Z
559,BenchmarkTest00559,cmdi,false,78,2026-01-29T20:03:33.345Z,2026-01-29T20:03:33.345Z
560,BenchmarkTest00560,weakrand,true,330,2026-01-29T20:03:33.346Z,2026-01-29T20:03:33.346Z
561,BenchmarkTest00561,weakrand,true,330,2026-01-29T20:03:33.347Z,2026-01-29T20:03:33.347Z
562,BenchmarkTest00562,weakrand,true,330,2026-01-29T20:03:33.348Z,2026-01-29T20:03:33.348Z
563,BenchmarkTest00563,weakrand,true,330,2026-01-29T20:03:33.349Z,2026-01-29T20:03:33.349Z
564,BenchmarkTest00564,weakrand,true,330,2026-01-29T20:03:33.350Z,2026-01-29T20:03:33.350Z
565,BenchmarkTest00565,securecookie,true,614,2026-01-29T20:03:33.352Z,2026-01-29T20:03:33.352Z
566,BenchmarkTest00566,securecookie,true,614,2026-01-29T20:03:33.353Z,2026-01-29T20:03:33.353Z
567,BenchmarkTest00567,cmdi,true,78,2026-01-29T20:03:33.354Z,2026-01-29T20:03:33.354Z
568,BenchmarkTest00568,cmdi,true,78,2026-01-29T20:03:33.356Z,2026-01-29T20:03:33.356Z
569,BenchmarkTest00569,cmdi,false,78,2026-01-29T20:03:33.357Z,2026-01-29T20:03:33.357Z
570,BenchmarkTest00570,cmdi,false,78,2026-01-29T20:03:33.358Z,2026-01-29T20:03:33.358Z
571,BenchmarkTest00571,cmdi,false,78,2026-01-29T20:03:33.359Z,2026-01-29T20:03:33.359Z
572,BenchmarkTest00572,cmdi,false,78,2026-01-29T20:03:33.361Z,2026-01-29T20:03:33.361Z
573,BenchmarkTest00573,cmdi,true,78,2026-01-29T20:03:33.362Z,2026-01-29T20:03:33.362Z
574,BenchmarkTest00574,cmdi,true,78,2026-01-29T20:03:33.363Z,2026-01-29T20:03:33.363Z
575,BenchmarkTest00575,cmdi,true,78,2026-01-29T20:03:33.364Z,2026-01-29T20:03:33.364Z
576,BenchmarkTest00576,cmdi,true,78,2026-01-29T20:03:33.365Z,2026-01-29T20:03:33.365Z
577,BenchmarkTest00577,weakrand,false,330,2026-01-29T20:03:33.366Z,2026-01-29T20:03:33.366Z
578,BenchmarkTest00578,weakrand,false,330,2026-01-29T20:03:33.367Z,2026-01-29T20:03:33.367Z
579,BenchmarkTest00579,weakrand,false,330,2026-01-29T20:03:33.368Z,2026-01-29T20:03:33.368Z
580,BenchmarkTest00580,weakrand,false,330,2026-01-29T20:03:33.369Z,2026-01-29T20:03:33.369Z
581,BenchmarkTest00581,weakrand,false,330,2026-01-29T20:03:33.370Z,2026-01-29T20:03:33.370Z
582,BenchmarkTest00582,weakrand,false,330,2026-01-29T20:03:33.371Z,2026-01-29T20:03:33.371Z
583,BenchmarkTest00583,weakrand,false,330,2026-01-29T20:03:33.372Z,2026-01-29T20:03:33.372Z
584,BenchmarkTest00584,weakrand,false,330,2026-01-29T20:03:33.373Z,2026-01-29T20:03:33.373Z
585,BenchmarkTest00585,weakrand,false,330,2026-01-29T20:03:33.374Z,2026-01-29T20:03:33.374Z
586,BenchmarkTest00586,trustbound,false,501,2026-01-29T20:03:33.375Z,2026-01-29T20:03:33.375Z
587,BenchmarkTest00587,trustbound,true,501,2026-01-29T20:03:33.376Z,2026-01-29T20:03:33.376Z
588,BenchmarkTest00588,trustbound,true,501,2026-01-29T20:03:33.376Z,2026-01-29T20:03:33.376Z
589,BenchmarkTest00589,sqli,false,89,2026-01-29T20:03:33.377Z,2026-01-29T20:03:33.377Z
590,BenchmarkTest00590,sqli,true,89,2026-01-29T20:03:33.378Z,2026-01-29T20:03:33.378Z
591,BenchmarkTest00591,sqli,true,89,2026-01-29T20:03:33.379Z,2026-01-29T20:03:33.379Z
592,BenchmarkTest00592,sqli,false,89,2026-01-29T20:03:33.380Z,2026-01-29T20:03:33.380Z
593,BenchmarkTest00593,sqli,true,89,2026-01-29T20:03:33.381Z,2026-01-29T20:03:33.381Z
594,BenchmarkTest00594,sqli,true,89,2026-01-29T20:03:33.382Z,2026-01-29T20:03:33.382Z
595,BenchmarkTest00595,sqli,true,89,2026-01-29T20:03:33.383Z,2026-01-29T20:03:33.383Z
596,BenchmarkTest00596,sqli,true,89,2026-01-29T20:03:33.384Z,2026-01-29T20:03:33.384Z
597,BenchmarkTest00597,sqli,true,89,2026-01-29T20:03:33.384Z,2026-01-29T20:03:33.384Z
598,BenchmarkTest00598,sqli,true,89,2026-01-29T20:03:33.385Z,2026-01-29T20:03:33.385Z
599,BenchmarkTest00599,sqli,false,89,2026-01-29T20:03:33.386Z,2026-01-29T20:03:33.386Z
600,BenchmarkTest00600,sqli,true,89,2026-01-29T20:03:33.387Z,2026-01-29T20:03:33.387Z
601,BenchmarkTest00601,sqli,false,89,2026-01-29T20:03:33.388Z,2026-01-29T20:03:33.388Z
602,BenchmarkTest00602,sqli,false,89,2026-01-29T20:03:33.389Z,2026-01-29T20:03:33.389Z
603,BenchmarkTest00603,sqli,true,89,2026-01-29T20:03:33.390Z,2026-01-29T20:03:33.390Z
604,BenchmarkTest00604,sqli,true,89,2026-01-29T20:03:33.391Z,2026-01-29T20:03:33.391Z
605,BenchmarkTest00605,sqli,false,89,2026-01-29T20:03:33.392Z,2026-01-29T20:03:33.392Z
606,BenchmarkTest00606,sqli,true,89,2026-01-29T20:03:33.393Z,2026-01-29T20:03:33.393Z
607,BenchmarkTest00607,xpathi,true,643,2026-01-29T20:03:33.396Z,2026-01-29T20:03:33.396Z
608,BenchmarkTest00608,crypto,true,327,2026-01-29T20:03:33.397Z,2026-01-29T20:03:33.397Z
609,BenchmarkTest00609,crypto,true,327,2026-01-29T20:03:33.399Z,2026-01-29T20:03:33.399Z
610,BenchmarkTest00610,crypto,true,327,2026-01-29T20:03:33.400Z,2026-01-29T20:03:33.400Z
611,BenchmarkTest00611,crypto,true,327,2026-01-29T20:03:33.401Z,2026-01-29T20:03:33.401Z
612,BenchmarkTest00612,crypto,false,327,2026-01-29T20:03:33.402Z,2026-01-29T20:03:33.402Z
613,BenchmarkTest00613,crypto,false,327,2026-01-29T20:03:33.403Z,2026-01-29T20:03:33.403Z
614,BenchmarkTest00614,crypto,true,327,2026-01-29T20:03:33.404Z,2026-01-29T20:03:33.404Z
615,BenchmarkTest00615,crypto,true,327,2026-01-29T20:03:33.405Z,2026-01-29T20:03:33.405Z
616,BenchmarkTest00616,crypto,true,327,2026-01-29T20:03:33.407Z,2026-01-29T20:03:33.407Z
617,BenchmarkTest00617,crypto,true,327,2026-01-29T20:03:33.408Z,2026-01-29T20:03:33.408Z
618,BenchmarkTest00618,crypto,false,327,2026-01-29T20:03:33.409Z,2026-01-29T20:03:33.409Z
619,BenchmarkTest00619,pathtraver,true,22,2026-01-29T20:03:33.410Z,2026-01-29T20:03:33.410Z
620,BenchmarkTest00620,pathtraver,false,22,2026-01-29T20:03:33.412Z,2026-01-29T20:03:33.412Z
621,BenchmarkTest00621,pathtraver,false,22,2026-01-29T20:03:33.414Z,2026-01-29T20:03:33.414Z
622,BenchmarkTest00622,pathtraver,false,22,2026-01-29T20:03:33.415Z,2026-01-29T20:03:33.415Z
623,BenchmarkTest00623,pathtraver,true,22,2026-01-29T20:03:33.419Z,2026-01-29T20:03:33.419Z
624,BenchmarkTest00624,pathtraver,true,22,2026-01-29T20:03:33.422Z,2026-01-29T20:03:33.422Z
625,BenchmarkTest00625,pathtraver,false,22,2026-01-29T20:03:33.425Z,2026-01-29T20:03:33.425Z
626,BenchmarkTest00626,pathtraver,false,22,2026-01-29T20:03:33.428Z,2026-01-29T20:03:33.428Z
627,BenchmarkTest00627,pathtraver,true,22,2026-01-29T20:03:33.431Z,2026-01-29T20:03:33.431Z
628,BenchmarkTest00628,pathtraver,false,22,2026-01-29T20:03:33.434Z,2026-01-29T20:03:33.434Z
629,BenchmarkTest00629,pathtraver,true,22,2026-01-29T20:03:33.438Z,2026-01-29T20:03:33.438Z
630,BenchmarkTest00630,ldapi,true,90,2026-01-29T20:03:33.441Z,2026-01-29T20:03:33.441Z
631,BenchmarkTest00631,hash,true,328,2026-01-29T20:03:33.447Z,2026-01-29T20:03:33.447Z
632,BenchmarkTest00632,hash,false,328,2026-01-29T20:03:33.453Z,2026-01-29T20:03:33.453Z
633,BenchmarkTest00633,hash,false,328,2026-01-29T20:03:33.461Z,2026-01-29T20:03:33.461Z
634,BenchmarkTest00634,hash,true,328,2026-01-29T20:03:33.464Z,2026-01-29T20:03:33.464Z
635,BenchmarkTest00635,hash,true,328,2026-01-29T20:03:33.466Z,2026-01-29T20:03:33.466Z
636,BenchmarkTest00636,hash,true,328,2026-01-29T20:03:33.467Z,2026-01-29T20:03:33.467Z
637,BenchmarkTest00637,hash,true,328,2026-01-29T20:03:33.469Z,2026-01-29T20:03:33.469Z
638,BenchmarkTest00638,hash,true,328,2026-01-29T20:03:33.470Z,2026-01-29T20:03:33.470Z
639,BenchmarkTest00639,hash,false,328,2026-01-29T20:03:33.472Z,2026-01-29T20:03:33.472Z
640,BenchmarkTest00640,hash,false,328,2026-01-29T20:03:33.473Z,2026-01-29T20:03:33.473Z
641,BenchmarkTest00641,hash,false,328,2026-01-29T20:03:33.474Z,2026-01-29T20:03:33.474Z
642,BenchmarkTest00642,xss,true,79,2026-01-29T20:03:33.476Z,2026-01-29T20:03:33.476Z
643,BenchmarkTest00643,xss,true,79,2026-01-29T20:03:33.477Z,2026-01-29T20:03:33.477Z
644,BenchmarkTest00644,xss,true,79,2026-01-29T20:03:33.478Z,2026-01-29T20:03:33.478Z
645,BenchmarkTest00645,xss,true,79,2026-01-29T20:03:33.479Z,2026-01-29T20:03:33.479Z
646,BenchmarkTest00646,xss,false,79,2026-01-29T20:03:33.481Z,2026-01-29T20:03:33.481Z
647,BenchmarkTest00647,xss,false,79,2026-01-29T20:03:33.482Z,2026-01-29T20:03:33.482Z
648,BenchmarkTest00648,xss,false,79,2026-01-29T20:03:33.483Z,2026-01-29T20:03:33.483Z
649,BenchmarkTest00649,xss,false,79,2026-01-29T20:03:33.485Z,2026-01-29T20:03:33.485Z
650,BenchmarkTest00650,xss,false,79,2026-01-29T20:03:33.486Z,2026-01-29T20:03:33.486Z
651,BenchmarkTest00651,xss,true,79,2026-01-29T20:03:33.488Z,2026-01-29T20:03:33.488Z
652,BenchmarkTest00652,weakrand,true,330,2026-01-29T20:03:33.489Z,2026-01-29T20:03:33.489Z
653,BenchmarkTest00653,weakrand,true,330,2026-01-29T20:03:33.490Z,2026-01-29T20:03:33.490Z
654,BenchmarkTest00654,weakrand,true,330,2026-01-29T20:03:33.492Z,2026-01-29T20:03:33.492Z
655,BenchmarkTest00655,securecookie,false,614,2026-01-29T20:03:33.493Z,2026-01-29T20:03:33.493Z
656,BenchmarkTest00656,xss,true,79,2026-01-29T20:03:33.494Z,2026-01-29T20:03:33.494Z
657,BenchmarkTest00657,cmdi,false,78,2026-01-29T20:03:33.497Z,2026-01-29T20:03:33.497Z
658,BenchmarkTest00658,cmdi,false,78,2026-01-29T20:03:33.499Z,2026-01-29T20:03:33.499Z
659,BenchmarkTest00659,cmdi,false,78,2026-01-29T20:03:33.501Z,2026-01-29T20:03:33.501Z
660,BenchmarkTest00660,weakrand,false,330,2026-01-29T20:03:33.502Z,2026-01-29T20:03:33.502Z
661,BenchmarkTest00661,weakrand,false,330,2026-01-29T20:03:33.504Z,2026-01-29T20:03:33.504Z
662,BenchmarkTest00662,weakrand,false,330,2026-01-29T20:03:33.505Z,2026-01-29T20:03:33.505Z
663,BenchmarkTest00663,weakrand,false,330,2026-01-29T20:03:33.507Z,2026-01-29T20:03:33.507Z
664,BenchmarkTest00664,weakrand,false,330,2026-01-29T20:03:33.508Z,2026-01-29T20:03:33.508Z
665,BenchmarkTest00665,weakrand,false,330,2026-01-29T20:03:33.509Z,2026-01-29T20:03:33.509Z
666,BenchmarkTest00666,weakrand,false,330,2026-01-29T20:03:33.511Z,2026-01-29T20:03:33.511Z
667,BenchmarkTest00667,weakrand,false,330,2026-01-29T20:03:33.512Z,2026-01-29T20:03:33.512Z
668,BenchmarkTest00668,trustbound,true,501,2026-01-29T20:03:33.513Z,2026-01-29T20:03:33.513Z
669,BenchmarkTest00669,trustbound,false,501,2026-01-29T20:03:33.515Z,2026-01-29T20:03:33.515Z
670,BenchmarkTest00670,trustbound,true,501,2026-01-29T20:03:33.516Z,2026-01-29T20:03:33.516Z
671,BenchmarkTest00671,trustbound,true,501,2026-01-29T20:03:33.517Z,2026-01-29T20:03:33.517Z
672,BenchmarkTest00672,sqli,false,89,2026-01-29T20:03:33.519Z,2026-01-29T20:03:33.519Z
673,BenchmarkTest00673,sqli,true,89,2026-01-29T20:03:33.520Z,2026-01-29T20:03:33.520Z
674,BenchmarkTest00674,sqli,false,89,2026-01-29T20:03:33.522Z,2026-01-29T20:03:33.522Z
675,BenchmarkTest00675,sqli,false,89,2026-01-29T20:03:33.523Z,2026-01-29T20:03:33.523Z
676,BenchmarkTest00676,sqli,false,89,2026-01-29T20:03:33.524Z,2026-01-29T20:03:33.524Z
677,BenchmarkTest00677,sqli,true,89,2026-01-29T20:03:33.526Z,2026-01-29T20:03:33.526Z
678,BenchmarkTest00678,sqli,true,89,2026-01-29T20:03:33.527Z,2026-01-29T20:03:33.527Z
679,BenchmarkTest00679,sqli,true,89,2026-01-29T20:03:33.529Z,2026-01-29T20:03:33.529Z
680,BenchmarkTest00680,sqli,false,89,2026-01-29T20:03:33.530Z,2026-01-29T20:03:33.530Z
681,BenchmarkTest00681,sqli,true,89,2026-01-29T20:03:33.531Z,2026-01-29T20:03:33.531Z
682,BenchmarkTest00682,sqli,false,89,2026-01-29T20:03:33.533Z,2026-01-29T20:03:33.533Z
683,BenchmarkTest00683,xpathi,false,643,2026-01-29T20:03:33.534Z,2026-01-29T20:03:33.534Z
684,BenchmarkTest00684,crypto,true,327,2026-01-29T20:03:33.535Z,2026-01-29T20:03:33.535Z
685,BenchmarkTest00685,crypto,true,327,2026-01-29T20:03:33.537Z,2026-01-29T20:03:33.537Z
686,BenchmarkTest00686,crypto,false,327,2026-01-29T20:03:33.538Z,2026-01-29T20:03:33.538Z
687,BenchmarkTest00687,crypto,false,327,2026-01-29T20:03:33.540Z,2026-01-29T20:03:33.540Z
688,BenchmarkTest00688,crypto,true,327,2026-01-29T20:03:33.541Z,2026-01-29T20:03:33.541Z
689,BenchmarkTest00689,crypto,false,327,2026-01-29T20:03:33.542Z,2026-01-29T20:03:33.542Z
690,BenchmarkTest00690,crypto,false,327,2026-01-29T20:03:33.544Z,2026-01-29T20:03:33.544Z
691,BenchmarkTest00691,crypto,true,327,2026-01-29T20:03:33.548Z,2026-01-29T20:03:33.548Z
692,BenchmarkTest00692,crypto,true,327,2026-01-29T20:03:33.549Z,2026-01-29T20:03:33.549Z
693,BenchmarkTest00693,crypto,true,327,2026-01-29T20:03:33.551Z,2026-01-29T20:03:33.551Z
694,BenchmarkTest00694,ldapi,true,90,2026-01-29T20:03:33.553Z,2026-01-29T20:03:33.553Z
695,BenchmarkTest00695,ldapi,true,90,2026-01-29T20:03:33.554Z,2026-01-29T20:03:33.554Z
696,BenchmarkTest00696,pathtraver,true,22,2026-01-29T20:03:33.555Z,2026-01-29T20:03:33.555Z
697,BenchmarkTest00697,pathtraver,true,22,2026-01-29T20:03:33.557Z,2026-01-29T20:03:33.557Z
698,BenchmarkTest00698,pathtraver,true,22,2026-01-29T20:03:33.558Z,2026-01-29T20:03:33.558Z
699,BenchmarkTest00699,pathtraver,false,22,2026-01-29T20:03:33.559Z,2026-01-29T20:03:33.559Z
700,BenchmarkTest00700,pathtraver,true,22,2026-01-29T20:03:33.560Z,2026-01-29T20:03:33.560Z
701,BenchmarkTest00701,ldapi,false,90,2026-01-29T20:03:33.562Z,2026-01-29T20:03:33.562Z
702,BenchmarkTest00702,weakrand,true,330,2026-01-29T20:03:33.563Z,2026-01-29T20:03:33.563Z
703,BenchmarkTest00703,hash,true,328,2026-01-29T20:03:33.564Z,2026-01-29T20:03:33.564Z
704,BenchmarkTest00704,hash,true,328,2026-01-29T20:03:33.566Z,2026-01-29T20:03:33.566Z
705,BenchmarkTest00705,hash,true,328,2026-01-29T20:03:33.567Z,2026-01-29T20:03:33.567Z
706,BenchmarkTest00706,hash,false,328,2026-01-29T20:03:33.568Z,2026-01-29T20:03:33.568Z
707,BenchmarkTest00707,hash,false,328,2026-01-29T20:03:33.569Z,2026-01-29T20:03:33.569Z
708,BenchmarkTest00708,hash,true,328,2026-01-29T20:03:33.573Z,2026-01-29T20:03:33.573Z
709,BenchmarkTest00709,hash,false,328,2026-01-29T20:03:33.575Z,2026-01-29T20:03:33.575Z
710,BenchmarkTest00710,hash,true,328,2026-01-29T20:03:33.576Z,2026-01-29T20:03:33.576Z
711,BenchmarkTest00711,xss,true,79,2026-01-29T20:03:33.577Z,2026-01-29T20:03:33.577Z
712,BenchmarkTest00712,xss,false,79,2026-01-29T20:03:33.578Z,2026-01-29T20:03:33.578Z
713,BenchmarkTest00713,xss,false,79,2026-01-29T20:03:33.579Z,2026-01-29T20:03:33.579Z
714,BenchmarkTest00714,xss,false,79,2026-01-29T20:03:33.581Z,2026-01-29T20:03:33.581Z
715,BenchmarkTest00715,xss,true,79,2026-01-29T20:03:33.582Z,2026-01-29T20:03:33.582Z
716,BenchmarkTest00716,xss,false,79,2026-01-29T20:03:33.583Z,2026-01-29T20:03:33.583Z
717,BenchmarkTest00717,xss,false,79,2026-01-29T20:03:33.585Z,2026-01-29T20:03:33.585Z
718,BenchmarkTest00718,xss,false,79,2026-01-29T20:03:33.586Z,2026-01-29T20:03:33.586Z
719,BenchmarkTest00719,xss,true,79,2026-01-29T20:03:33.587Z,2026-01-29T20:03:33.587Z
720,BenchmarkTest00720,xss,true,79,2026-01-29T20:03:33.588Z,2026-01-29T20:03:33.588Z
721,BenchmarkTest00721,xss,true,79,2026-01-29T20:03:33.589Z,2026-01-29T20:03:33.589Z
722,BenchmarkTest00722,xss,false,79,2026-01-29T20:03:33.590Z,2026-01-29T20:03:33.590Z
723,BenchmarkTest00723,xss,false,79,2026-01-29T20:03:33.591Z,2026-01-29T20:03:33.591Z
724,BenchmarkTest00724,xss,true,79,2026-01-29T20:03:33.592Z,2026-01-29T20:03:33.592Z
725,BenchmarkTest00725,xss,true,79,2026-01-29T20:03:33.593Z,2026-01-29T20:03:33.593Z
726,BenchmarkTest00726,xss,false,79,2026-01-29T20:03:33.594Z,2026-01-29T20:03:33.594Z
727,BenchmarkTest00727,xss,true,79,2026-01-29T20:03:33.595Z,2026-01-29T20:03:33.595Z
728,BenchmarkTest00728,xss,true,79,2026-01-29T20:03:33.596Z,2026-01-29T20:03:33.596Z
729,BenchmarkTest00729,xss,true,79,2026-01-29T20:03:33.597Z,2026-01-29T20:03:33.597Z
730,BenchmarkTest00730,xss,false,79,2026-01-29T20:03:33.598Z,2026-01-29T20:03:33.598Z
731,BenchmarkTest00731,cmdi,true,78,2026-01-29T20:03:33.599Z,2026-01-29T20:03:33.599Z
732,BenchmarkTest00732,cmdi,false,78,2026-01-29T20:03:33.600Z,2026-01-29T20:03:33.600Z
733,BenchmarkTest00733,weakrand,true,330,2026-01-29T20:03:33.601Z,2026-01-29T20:03:33.601Z
734,BenchmarkTest00734,weakrand,true,330,2026-01-29T20:03:33.602Z,2026-01-29T20:03:33.602Z
735,BenchmarkTest00735,weakrand,true,330,2026-01-29T20:03:33.603Z,2026-01-29T20:03:33.603Z
736,BenchmarkTest00736,securecookie,true,614,2026-01-29T20:03:33.605Z,2026-01-29T20:03:33.605Z
737,BenchmarkTest00737,xss,true,79,2026-01-29T20:03:33.608Z,2026-01-29T20:03:33.608Z
738,BenchmarkTest00738,cmdi,false,78,2026-01-29T20:03:33.610Z,2026-01-29T20:03:33.610Z
739,BenchmarkTest00739,cmdi,false,78,2026-01-29T20:03:33.611Z,2026-01-29T20:03:33.611Z
740,BenchmarkTest00740,cmdi,true,78,2026-01-29T20:03:33.612Z,2026-01-29T20:03:33.612Z
741,BenchmarkTest00741,cmdi,false,78,2026-01-29T20:03:33.613Z,2026-01-29T20:03:33.613Z
742,BenchmarkTest00742,cmdi,false,78,2026-01-29T20:03:33.614Z,2026-01-29T20:03:33.614Z
743,BenchmarkTest00743,cmdi,false,78,2026-01-29T20:03:33.615Z,2026-01-29T20:03:33.615Z
744,BenchmarkTest00744,weakrand,false,330,2026-01-29T20:03:33.616Z,2026-01-29T20:03:33.616Z
745,BenchmarkTest00745,weakrand,false,330,2026-01-29T20:03:33.617Z,2026-01-29T20:03:33.617Z
746,BenchmarkTest00746,weakrand,false,330,2026-01-29T20:03:33.618Z,2026-01-29T20:03:33.618Z
747,BenchmarkTest00747,weakrand,false,330,2026-01-29T20:03:33.619Z,2026-01-29T20:03:33.619Z
748,BenchmarkTest00748,weakrand,false,330,2026-01-29T20:03:33.620Z,2026-01-29T20:03:33.620Z
749,BenchmarkTest00749,weakrand,false,330,2026-01-29T20:03:33.621Z,2026-01-29T20:03:33.621Z
750,BenchmarkTest00750,weakrand,false,330,2026-01-29T20:03:33.622Z,2026-01-29T20:03:33.622Z
751,BenchmarkTest00751,weakrand,false,330,2026-01-29T20:03:33.623Z,2026-01-29T20:03:33.623Z
752,BenchmarkTest00752,weakrand,false,330,2026-01-29T20:03:33.624Z,2026-01-29T20:03:33.624Z
753,BenchmarkTest00753,weakrand,false,330,2026-01-29T20:03:33.626Z,2026-01-29T20:03:33.626Z
754,BenchmarkTest00754,trustbound,true,501,2026-01-29T20:03:33.627Z,2026-01-29T20:03:33.627Z
755,BenchmarkTest00755,trustbound,false,501,2026-01-29T20:03:33.629Z,2026-01-29T20:03:33.629Z
756,BenchmarkTest00756,trustbound,true,501,2026-01-29T20:03:33.631Z,2026-01-29T20:03:33.631Z
757,BenchmarkTest00757,trustbound,true,501,2026-01-29T20:03:33.632Z,2026-01-29T20:03:33.632Z
758,BenchmarkTest00758,trustbound,false,501,2026-01-29T20:03:33.638Z,2026-01-29T20:03:33.638Z
759,BenchmarkTest00759,trustbound,true,501,2026-01-29T20:03:33.642Z,2026-01-29T20:03:33.642Z
760,BenchmarkTest00760,sqli,true,89,2026-01-29T20:03:33.645Z,2026-01-29T20:03:33.645Z
761,BenchmarkTest00761,sqli,true,89,2026-01-29T20:03:33.648Z,2026-01-29T20:03:33.648Z
762,BenchmarkTest00762,sqli,true,89,2026-01-29T20:03:33.652Z,2026-01-29T20:03:33.652Z
763,BenchmarkTest00763,sqli,false,89,2026-01-29T20:03:33.653Z,2026-01-29T20:03:33.653Z
764,BenchmarkTest00764,sqli,true,89,2026-01-29T20:03:33.655Z,2026-01-29T20:03:33.655Z
765,BenchmarkTest00765,sqli,true,89,2026-01-29T20:03:33.656Z,2026-01-29T20:03:33.656Z
766,BenchmarkTest00766,sqli,false,89,2026-01-29T20:03:33.657Z,2026-01-29T20:03:33.657Z
767,BenchmarkTest00767,sqli,true,89,2026-01-29T20:03:33.659Z,2026-01-29T20:03:33.659Z
768,BenchmarkTest00768,sqli,true,89,2026-01-29T20:03:33.660Z,2026-01-29T20:03:33.660Z
769,BenchmarkTest00769,sqli,true,89,2026-01-29T20:03:33.662Z,2026-01-29T20:03:33.662Z
770,BenchmarkTest00770,sqli,true,89,2026-01-29T20:03:33.663Z,2026-01-29T20:03:33.663Z
771,BenchmarkTest00771,sqli,true,89,2026-01-29T20:03:33.665Z,2026-01-29T20:03:33.665Z
772,BenchmarkTest00772,sqli,false,89,2026-01-29T20:03:33.666Z,2026-01-29T20:03:33.666Z
773,BenchmarkTest00773,sqli,false,89,2026-01-29T20:03:33.671Z,2026-01-29T20:03:33.671Z
774,BenchmarkTest00774,sqli,false,89,2026-01-29T20:03:33.674Z,2026-01-29T20:03:33.674Z
775,BenchmarkTest00775,crypto,false,327,2026-01-29T20:03:33.678Z,2026-01-29T20:03:33.678Z
776,BenchmarkTest00776,crypto,false,327,2026-01-29T20:03:33.681Z,2026-01-29T20:03:33.681Z
777,BenchmarkTest00777,crypto,false,327,2026-01-29T20:03:33.685Z,2026-01-29T20:03:33.685Z
778,BenchmarkTest00778,crypto,false,327,2026-01-29T20:03:33.689Z,2026-01-29T20:03:33.689Z
779,BenchmarkTest00779,crypto,true,327,2026-01-29T20:03:33.693Z,2026-01-29T20:03:33.693Z
780,BenchmarkTest00780,crypto,false,327,2026-01-29T20:03:33.694Z,2026-01-29T20:03:33.694Z
781,BenchmarkTest00781,crypto,true,327,2026-01-29T20:03:33.696Z,2026-01-29T20:03:33.696Z
782,BenchmarkTest00782,crypto,false,327,2026-01-29T20:03:33.697Z,2026-01-29T20:03:33.697Z
783,BenchmarkTest00783,pathtraver,true,22,2026-01-29T20:03:33.698Z,2026-01-29T20:03:33.698Z
784,BenchmarkTest00784,pathtraver,false,22,2026-01-29T20:03:33.699Z,2026-01-29T20:03:33.699Z
785,BenchmarkTest00785,pathtraver,true,22,2026-01-29T20:03:33.701Z,2026-01-29T20:03:33.701Z
786,BenchmarkTest00786,pathtraver,false,22,2026-01-29T20:03:33.702Z,2026-01-29T20:03:33.702Z
787,BenchmarkTest00787,pathtraver,true,22,2026-01-29T20:03:33.703Z,2026-01-29T20:03:33.703Z
788,BenchmarkTest00788,pathtraver,true,22,2026-01-29T20:03:33.704Z,2026-01-29T20:03:33.704Z
789,BenchmarkTest00789,hash,true,328,2026-01-29T20:03:33.705Z,2026-01-29T20:03:33.705Z
790,BenchmarkTest00790,hash,true,328,2026-01-29T20:03:33.706Z,2026-01-29T20:03:33.706Z
791,BenchmarkTest00791,hash,false,328,2026-01-29T20:03:33.707Z,2026-01-29T20:03:33.707Z
792,BenchmarkTest00792,hash,false,328,2026-01-29T20:03:33.709Z,2026-01-29T20:03:33.709Z
793,BenchmarkTest00793,hash,false,328,2026-01-29T20:03:33.710Z,2026-01-29T20:03:33.710Z
794,BenchmarkTest00794,hash,true,328,2026-01-29T20:03:33.711Z,2026-01-29T20:03:33.711Z
795,BenchmarkTest00795,hash,false,328,2026-01-29T20:03:33.712Z,2026-01-29T20:03:33.712Z
796,BenchmarkTest00796,hash,true,328,2026-01-29T20:03:33.713Z,2026-01-29T20:03:33.713Z
797,BenchmarkTest00797,hash,true,328,2026-01-29T20:03:33.714Z,2026-01-29T20:03:33.714Z
798,BenchmarkTest00798,hash,false,328,2026-01-29T20:03:33.715Z,2026-01-29T20:03:33.715Z
799,BenchmarkTest00799,xss,false,79,2026-01-29T20:03:33.716Z,2026-01-29T20:03:33.716Z
800,BenchmarkTest00800,xss,true,79,2026-01-29T20:03:33.717Z,2026-01-29T20:03:33.717Z
801,BenchmarkTest00801,xss,true,79,2026-01-29T20:03:33.718Z,2026-01-29T20:03:33.718Z
802,BenchmarkTest00802,xss,true,79,2026-01-29T20:03:33.719Z,2026-01-29T20:03:33.719Z
803,BenchmarkTest00803,xss,true,79,2026-01-29T20:03:33.721Z,2026-01-29T20:03:33.721Z
804,BenchmarkTest00804,xss,true,79,2026-01-29T20:03:33.722Z,2026-01-29T20:03:33.722Z
805,BenchmarkTest00805,xss,true,79,2026-01-29T20:03:33.722Z,2026-01-29T20:03:33.722Z
806,BenchmarkTest00806,xss,true,79,2026-01-29T20:03:33.723Z,2026-01-29T20:03:33.723Z
807,BenchmarkTest00807,xss,true,79,2026-01-29T20:03:33.724Z,2026-01-29T20:03:33.724Z
808,BenchmarkTest00808,xss,false,79,2026-01-29T20:03:33.725Z,2026-01-29T20:03:33.725Z
809,BenchmarkTest00809,xss,true,79,2026-01-29T20:03:33.729Z,2026-01-29T20:03:33.729Z
810,BenchmarkTest00810,xss,true,79,2026-01-29T20:03:33.730Z,2026-01-29T20:03:33.730Z
811,BenchmarkTest00811,xss,true,79,2026-01-29T20:03:33.732Z,2026-01-29T20:03:33.732Z
812,BenchmarkTest00812,xss,false,79,2026-01-29T20:03:33.733Z,2026-01-29T20:03:33.733Z
813,BenchmarkTest00813,xss,false,79,2026-01-29T20:03:33.734Z,2026-01-29T20:03:33.734Z
814,BenchmarkTest00814,cmdi,false,78,2026-01-29T20:03:33.735Z,2026-01-29T20:03:33.735Z
815,BenchmarkTest00815,cmdi,true,78,2026-01-29T20:03:33.736Z,2026-01-29T20:03:33.736Z
816,BenchmarkTest00816,cmdi,true,78,2026-01-29T20:03:33.738Z,2026-01-29T20:03:33.738Z
817,BenchmarkTest00817,weakrand,true,330,2026-01-29T20:03:33.739Z,2026-01-29T20:03:33.739Z
818,BenchmarkTest00818,weakrand,true,330,2026-01-29T20:03:33.740Z,2026-01-29T20:03:33.740Z
819,BenchmarkTest00819,weakrand,true,330,2026-01-29T20:03:33.741Z,2026-01-29T20:03:33.741Z
820,BenchmarkTest00820,securecookie,true,614,2026-01-29T20:03:33.742Z,2026-01-29T20:03:33.742Z
821,BenchmarkTest00821,securecookie,true,614,2026-01-29T20:03:33.743Z,2026-01-29T20:03:33.743Z
822,BenchmarkTest00822,xss,true,79,2026-01-29T20:03:33.744Z,2026-01-29T20:03:33.744Z
823,BenchmarkTest00823,cmdi,true,78,2026-01-29T20:03:33.745Z,2026-01-29T20:03:33.745Z
824,BenchmarkTest00824,cmdi,true,78,2026-01-29T20:03:33.746Z,2026-01-29T20:03:33.746Z
825,BenchmarkTest00825,cmdi,true,78,2026-01-29T20:03:33.747Z,2026-01-29T20:03:33.747Z
826,BenchmarkTest00826,cmdi,false,78,2026-01-29T20:03:33.748Z,2026-01-29T20:03:33.748Z
827,BenchmarkTest00827,cmdi,false,78,2026-01-29T20:03:33.749Z,2026-01-29T20:03:33.749Z
828,BenchmarkTest00828,weakrand,false,330,2026-01-29T20:03:33.750Z,2026-01-29T20:03:33.750Z
829,BenchmarkTest00829,weakrand,false,330,2026-01-29T20:03:33.751Z,2026-01-29T20:03:33.751Z
830,BenchmarkTest00830,weakrand,false,330,2026-01-29T20:03:33.752Z,2026-01-29T20:03:33.752Z
831,BenchmarkTest00831,weakrand,false,330,2026-01-29T20:03:33.753Z,2026-01-29T20:03:33.753Z
832,BenchmarkTest00832,weakrand,false,330,2026-01-29T20:03:33.754Z,2026-01-29T20:03:33.754Z
833,BenchmarkTest00833,trustbound,true,501,2026-01-29T20:03:33.755Z,2026-01-29T20:03:33.755Z
834,BenchmarkTest00834,trustbound,true,501,2026-01-29T20:03:33.756Z,2026-01-29T20:03:33.756Z
835,BenchmarkTest00835,trustbound,false,501,2026-01-29T20:03:33.758Z,2026-01-29T20:03:33.758Z
836,BenchmarkTest00836,trustbound,true,501,2026-01-29T20:03:33.759Z,2026-01-29T20:03:33.759Z
837,BenchmarkTest00837,sqli,false,89,2026-01-29T20:03:33.759Z,2026-01-29T20:03:33.759Z
838,BenchmarkTest00838,sqli,false,89,2026-01-29T20:03:33.760Z,2026-01-29T20:03:33.760Z
839,BenchmarkTest00839,sqli,true,89,2026-01-29T20:03:33.761Z,2026-01-29T20:03:33.761Z
840,BenchmarkTest00840,sqli,true,89,2026-01-29T20:03:33.762Z,2026-01-29T20:03:33.762Z
841,BenchmarkTest00841,sqli,true,89,2026-01-29T20:03:33.763Z,2026-01-29T20:03:33.763Z
842,BenchmarkTest00842,sqli,true,89,2026-01-29T20:03:33.764Z,2026-01-29T20:03:33.764Z
843,BenchmarkTest00843,sqli,true,89,2026-01-29T20:03:33.765Z,2026-01-29T20:03:33.765Z
844,BenchmarkTest00844,sqli,false,89,2026-01-29T20:03:33.767Z,2026-01-29T20:03:33.767Z
845,BenchmarkTest00845,sqli,true,89,2026-01-29T20:03:33.768Z,2026-01-29T20:03:33.768Z
846,BenchmarkTest00846,sqli,true,89,2026-01-29T20:03:33.769Z,2026-01-29T20:03:33.769Z
847,BenchmarkTest00847,sqli,true,89,2026-01-29T20:03:33.770Z,2026-01-29T20:03:33.770Z
848,BenchmarkTest00848,sqli,true,89,2026-01-29T20:03:33.771Z,2026-01-29T20:03:33.771Z
849,BenchmarkTest00849,sqli,true,89,2026-01-29T20:03:33.771Z,2026-01-29T20:03:33.771Z
850,BenchmarkTest00850,sqli,true,89,2026-01-29T20:03:33.773Z,2026-01-29T20:03:33.773Z
851,BenchmarkTest00851,sqli,false,89,2026-01-29T20:03:33.774Z,2026-01-29T20:03:33.774Z
852,BenchmarkTest00852,xpathi,false,643,2026-01-29T20:03:33.775Z,2026-01-29T20:03:33.775Z
853,BenchmarkTest00853,crypto,true,327,2026-01-29T20:03:33.776Z,2026-01-29T20:03:33.776Z
854,BenchmarkTest00854,crypto,false,327,2026-01-29T20:03:33.778Z,2026-01-29T20:03:33.778Z
855,BenchmarkTest00855,crypto,true,327,2026-01-29T20:03:33.779Z,2026-01-29T20:03:33.779Z
856,BenchmarkTest00856,crypto,true,327,2026-01-29T20:03:33.780Z,2026-01-29T20:03:33.780Z
857,BenchmarkTest00857,crypto,true,327,2026-01-29T20:03:33.782Z,2026-01-29T20:03:33.782Z
858,BenchmarkTest00858,crypto,false,327,2026-01-29T20:03:33.783Z,2026-01-29T20:03:33.783Z
859,BenchmarkTest00859,crypto,true,327,2026-01-29T20:03:33.786Z,2026-01-29T20:03:33.786Z
860,BenchmarkTest00860,ldapi,false,90,2026-01-29T20:03:33.788Z,2026-01-29T20:03:33.788Z
861,BenchmarkTest00861,ldapi,false,90,2026-01-29T20:03:33.789Z,2026-01-29T20:03:33.789Z
862,BenchmarkTest00862,pathtraver,false,22,2026-01-29T20:03:33.791Z,2026-01-29T20:03:33.791Z
863,BenchmarkTest00863,pathtraver,false,22,2026-01-29T20:03:33.792Z,2026-01-29T20:03:33.792Z
864,BenchmarkTest00864,pathtraver,false,22,2026-01-29T20:03:33.793Z,2026-01-29T20:03:33.793Z
865,BenchmarkTest00865,pathtraver,false,22,2026-01-29T20:03:33.794Z,2026-01-29T20:03:33.794Z
866,BenchmarkTest00866,pathtraver,false,22,2026-01-29T20:03:33.795Z,2026-01-29T20:03:33.795Z
867,BenchmarkTest00867,pathtraver,false,22,2026-01-29T20:03:33.796Z,2026-01-29T20:03:33.796Z
868,BenchmarkTest00868,hash,true,328,2026-01-29T20:03:33.797Z,2026-01-29T20:03:33.797Z
869,BenchmarkTest00869,hash,true,328,2026-01-29T20:03:33.798Z,2026-01-29T20:03:33.798Z
870,BenchmarkTest00870,hash,true,328,2026-01-29T20:03:33.800Z,2026-01-29T20:03:33.800Z
871,BenchmarkTest00871,hash,true,328,2026-01-29T20:03:33.800Z,2026-01-29T20:03:33.800Z
872,BenchmarkTest00872,hash,true,328,2026-01-29T20:03:33.801Z,2026-01-29T20:03:33.801Z
873,BenchmarkTest00873,hash,false,328,2026-01-29T20:03:33.802Z,2026-01-29T20:03:33.802Z
874,BenchmarkTest00874,hash,false,328,2026-01-29T20:03:33.803Z,2026-01-29T20:03:33.803Z
875,BenchmarkTest00875,hash,true,328,2026-01-29T20:03:33.804Z,2026-01-29T20:03:33.804Z
876,BenchmarkTest00876,hash,true,328,2026-01-29T20:03:33.805Z,2026-01-29T20:03:33.805Z
877,BenchmarkTest00877,hash,false,328,2026-01-29T20:03:33.806Z,2026-01-29T20:03:33.806Z
878,BenchmarkTest00878,hash,false,328,2026-01-29T20:03:33.807Z,2026-01-29T20:03:33.807Z
879,BenchmarkTest00879,xss,false,79,2026-01-29T20:03:33.808Z,2026-01-29T20:03:33.808Z
880,BenchmarkTest00880,xss,false,79,2026-01-29T20:03:33.809Z,2026-01-29T20:03:33.809Z
881,BenchmarkTest00881,xss,false,79,2026-01-29T20:03:33.810Z,2026-01-29T20:03:33.810Z
882,BenchmarkTest00882,xss,false,79,2026-01-29T20:03:33.811Z,2026-01-29T20:03:33.811Z
883,BenchmarkTest00883,xss,false,79,2026-01-29T20:03:33.812Z,2026-01-29T20:03:33.812Z
884,BenchmarkTest00884,xss,false,79,2026-01-29T20:03:33.813Z,2026-01-29T20:03:33.813Z
885,BenchmarkTest00885,xss,false,79,2026-01-29T20:03:33.814Z,2026-01-29T20:03:33.814Z
886,BenchmarkTest00886,xss,false,79,2026-01-29T20:03:33.815Z,2026-01-29T20:03:33.815Z
887,BenchmarkTest00887,xss,false,79,2026-01-29T20:03:33.816Z,2026-01-29T20:03:33.816Z
888,BenchmarkTest00888,xss,false,79,2026-01-29T20:03:33.817Z,2026-01-29T20:03:33.817Z
889,BenchmarkTest00889,xss,false,79,2026-01-29T20:03:33.818Z,2026-01-29T20:03:33.818Z
890,BenchmarkTest00890,xss,false,79,2026-01-29T20:03:33.819Z,2026-01-29T20:03:33.819Z
891,BenchmarkTest00891,xss,false,79,2026-01-29T20:03:33.820Z,2026-01-29T20:03:33.820Z
892,BenchmarkTest00892,xss,false,79,2026-01-29T20:03:33.821Z,2026-01-29T20:03:33.821Z
893,BenchmarkTest00893,xss,false,79,2026-01-29T20:03:33.822Z,2026-01-29T20:03:33.822Z
894,BenchmarkTest00894,xss,false,79,2026-01-29T20:03:33.823Z,2026-01-29T20:03:33.823Z
895,BenchmarkTest00895,cmdi,false,78,2026-01-29T20:03:33.824Z,2026-01-29T20:03:33.824Z
896,BenchmarkTest00896,cmdi,false,78,2026-01-29T20:03:33.825Z,2026-01-29T20:03:33.825Z
897,BenchmarkTest00897,cmdi,false,78,2026-01-29T20:03:33.826Z,2026-01-29T20:03:33.826Z
898,BenchmarkTest00898,weakrand,true,330,2026-01-29T20:03:33.827Z,2026-01-29T20:03:33.827Z
899,BenchmarkTest00899,weakrand,true,330,2026-01-29T20:03:33.828Z,2026-01-29T20:03:33.828Z
900,BenchmarkTest00900,weakrand,true,330,2026-01-29T20:03:33.828Z,2026-01-29T20:03:33.828Z
901,BenchmarkTest00901,weakrand,true,330,2026-01-29T20:03:33.829Z,2026-01-29T20:03:33.829Z
902,BenchmarkTest00902,weakrand,true,330,2026-01-29T20:03:33.830Z,2026-01-29T20:03:33.830Z
903,BenchmarkTest00903,securecookie,true,614,2026-01-29T20:03:33.831Z,2026-01-29T20:03:33.831Z
904,BenchmarkTest00904,securecookie,false,614,2026-01-29T20:03:33.832Z,2026-01-29T20:03:33.832Z
905,BenchmarkTest00905,cmdi,false,78,2026-01-29T20:03:33.833Z,2026-01-29T20:03:33.833Z
906,BenchmarkTest00906,cmdi,false,78,2026-01-29T20:03:33.834Z,2026-01-29T20:03:33.834Z
907,BenchmarkTest00907,cmdi,false,78,2026-01-29T20:03:33.835Z,2026-01-29T20:03:33.835Z
908,BenchmarkTest00908,cmdi,false,78,2026-01-29T20:03:33.836Z,2026-01-29T20:03:33.836Z
909,BenchmarkTest00909,cmdi,false,78,2026-01-29T20:03:33.836Z,2026-01-29T20:03:33.836Z
910,BenchmarkTest00910,cmdi,false,78,2026-01-29T20:03:33.839Z,2026-01-29T20:03:33.839Z
911,BenchmarkTest00911,weakrand,false,330,2026-01-29T20:03:33.840Z,2026-01-29T20:03:33.840Z
912,BenchmarkTest00912,weakrand,false,330,2026-01-29T20:03:33.842Z,2026-01-29T20:03:33.842Z
913,BenchmarkTest00913,weakrand,false,330,2026-01-29T20:03:33.843Z,2026-01-29T20:03:33.843Z
914,BenchmarkTest00914,weakrand,false,330,2026-01-29T20:03:33.844Z,2026-01-29T20:03:33.844Z
915,BenchmarkTest00915,weakrand,false,330,2026-01-29T20:03:33.845Z,2026-01-29T20:03:33.845Z
916,BenchmarkTest00916,weakrand,false,330,2026-01-29T20:03:33.846Z,2026-01-29T20:03:33.846Z
917,BenchmarkTest00917,weakrand,false,330,2026-01-29T20:03:33.847Z,2026-01-29T20:03:33.847Z
918,BenchmarkTest00918,weakrand,false,330,2026-01-29T20:03:33.848Z,2026-01-29T20:03:33.848Z
919,BenchmarkTest00919,weakrand,false,330,2026-01-29T20:03:33.849Z,2026-01-29T20:03:33.849Z
920,BenchmarkTest00920,weakrand,false,330,2026-01-29T20:03:33.850Z,2026-01-29T20:03:33.850Z
921,BenchmarkTest00921,weakrand,false,330,2026-01-29T20:03:33.852Z,2026-01-29T20:03:33.852Z
922,BenchmarkTest00922,trustbound,false,501,2026-01-29T20:03:33.853Z,2026-01-29T20:03:33.853Z
923,BenchmarkTest00923,trustbound,false,501,2026-01-29T20:03:33.854Z,2026-01-29T20:03:33.854Z
924,BenchmarkTest00924,sqli,false,89,2026-01-29T20:03:33.855Z,2026-01-29T20:03:33.855Z
925,BenchmarkTest00925,sqli,false,89,2026-01-29T20:03:33.856Z,2026-01-29T20:03:33.856Z
926,BenchmarkTest00926,sqli,false,89,2026-01-29T20:03:33.858Z,2026-01-29T20:03:33.858Z
927,BenchmarkTest00927,sqli,false,89,2026-01-29T20:03:33.859Z,2026-01-29T20:03:33.859Z
928,BenchmarkTest00928,sqli,false,89,2026-01-29T20:03:33.860Z,2026-01-29T20:03:33.860Z
929,BenchmarkTest00929,sqli,false,89,2026-01-29T20:03:33.861Z,2026-01-29T20:03:33.861Z
930,BenchmarkTest00930,sqli,false,89,2026-01-29T20:03:33.862Z,2026-01-29T20:03:33.862Z
931,BenchmarkTest00931,sqli,false,89,2026-01-29T20:03:33.863Z,2026-01-29T20:03:33.863Z
932,BenchmarkTest00932,sqli,false,89,2026-01-29T20:03:33.864Z,2026-01-29T20:03:33.864Z
933,BenchmarkTest00933,sqli,false,89,2026-01-29T20:03:33.865Z,2026-01-29T20:03:33.865Z
934,BenchmarkTest00934,sqli,false,89,2026-01-29T20:03:33.866Z,2026-01-29T20:03:33.866Z
935,BenchmarkTest00935,sqli,false,89,2026-01-29T20:03:33.867Z,2026-01-29T20:03:33.867Z
936,BenchmarkTest00936,sqli,false,89,2026-01-29T20:03:33.869Z,2026-01-29T20:03:33.869Z
937,BenchmarkTest00937,sqli,false,89,2026-01-29T20:03:33.870Z,2026-01-29T20:03:33.870Z
938,BenchmarkTest00938,sqli,false,89,2026-01-29T20:03:33.871Z,2026-01-29T20:03:33.871Z
939,BenchmarkTest00939,sqli,false,89,2026-01-29T20:03:33.872Z,2026-01-29T20:03:33.872Z
940,BenchmarkTest00940,sqli,false,89,2026-01-29T20:03:33.873Z,2026-01-29T20:03:33.873Z
941,BenchmarkTest00941,xpathi,false,643,2026-01-29T20:03:33.874Z,2026-01-29T20:03:33.874Z
942,BenchmarkTest00942,crypto,false,327,2026-01-29T20:03:33.875Z,2026-01-29T20:03:33.875Z
943,BenchmarkTest00943,crypto,false,327,2026-01-29T20:03:33.876Z,2026-01-29T20:03:33.876Z
944,BenchmarkTest00944,crypto,false,327,2026-01-29T20:03:33.877Z,2026-01-29T20:03:33.877Z
945,BenchmarkTest00945,crypto,true,327,2026-01-29T20:03:33.878Z,2026-01-29T20:03:33.878Z
946,BenchmarkTest00946,crypto,true,327,2026-01-29T20:03:33.879Z,2026-01-29T20:03:33.879Z
947,BenchmarkTest00947,ldapi,true,90,2026-01-29T20:03:33.879Z,2026-01-29T20:03:33.879Z
948,BenchmarkTest00948,ldapi,false,90,2026-01-29T20:03:33.881Z,2026-01-29T20:03:33.881Z
949,BenchmarkTest00949,pathtraver,true,22,2026-01-29T20:03:33.881Z,2026-01-29T20:03:33.881Z
950,BenchmarkTest00950,pathtraver,true,22,2026-01-29T20:03:33.882Z,2026-01-29T20:03:33.882Z
951,BenchmarkTest00951,pathtraver,false,22,2026-01-29T20:03:33.883Z,2026-01-29T20:03:33.883Z
952,BenchmarkTest00952,pathtraver,true,22,2026-01-29T20:03:33.884Z,2026-01-29T20:03:33.884Z
953,BenchmarkTest00953,pathtraver,true,22,2026-01-29T20:03:33.885Z,2026-01-29T20:03:33.885Z
954,BenchmarkTest00954,pathtraver,false,22,2026-01-29T20:03:33.886Z,2026-01-29T20:03:33.886Z
955,BenchmarkTest00955,pathtraver,false,22,2026-01-29T20:03:33.887Z,2026-01-29T20:03:33.887Z
956,BenchmarkTest00956,pathtraver,true,22,2026-01-29T20:03:33.888Z,2026-01-29T20:03:33.888Z
957,BenchmarkTest00957,pathtraver,false,22,2026-01-29T20:03:33.889Z,2026-01-29T20:03:33.889Z
958,BenchmarkTest00958,pathtraver,false,22,2026-01-29T20:03:33.890Z,2026-01-29T20:03:33.890Z
959,BenchmarkTest00959,ldapi,true,90,2026-01-29T20:03:33.891Z,2026-01-29T20:03:33.891Z
960,BenchmarkTest00960,weakrand,true,330,2026-01-29T20:03:33.893Z,2026-01-29T20:03:33.893Z
961,BenchmarkTest00961,hash,true,328,2026-01-29T20:03:33.895Z,2026-01-29T20:03:33.895Z
962,BenchmarkTest00962,hash,false,328,2026-01-29T20:03:33.896Z,2026-01-29T20:03:33.896Z
963,BenchmarkTest00963,hash,true,328,2026-01-29T20:03:33.897Z,2026-01-29T20:03:33.897Z
964,BenchmarkTest00964,hash,false,328,2026-01-29T20:03:33.899Z,2026-01-29T20:03:33.899Z
965,BenchmarkTest00965,hash,false,328,2026-01-29T20:03:33.900Z,2026-01-29T20:03:33.900Z
966,BenchmarkTest00966,hash,false,328,2026-01-29T20:03:33.902Z,2026-01-29T20:03:33.902Z
967,BenchmarkTest00967,hash,false,328,2026-01-29T20:03:33.903Z,2026-01-29T20:03:33.903Z
968,BenchmarkTest00968,cmdi,true,78,2026-01-29T20:03:33.905Z,2026-01-29T20:03:33.905Z
969,BenchmarkTest00969,cmdi,false,78,2026-01-29T20:03:33.906Z,2026-01-29T20:03:33.906Z
970,BenchmarkTest00970,cmdi,false,78,2026-01-29T20:03:33.907Z,2026-01-29T20:03:33.907Z
971,BenchmarkTest00971,weakrand,true,330,2026-01-29T20:03:33.908Z,2026-01-29T20:03:33.908Z
972,BenchmarkTest00972,weakrand,true,330,2026-01-29T20:03:33.910Z,2026-01-29T20:03:33.910Z
973,BenchmarkTest00973,weakrand,true,330,2026-01-29T20:03:33.911Z,2026-01-29T20:03:33.911Z
974,BenchmarkTest00974,weakrand,true,330,2026-01-29T20:03:33.912Z,2026-01-29T20:03:33.912Z
975,BenchmarkTest00975,weakrand,true,330,2026-01-29T20:03:33.914Z,2026-01-29T20:03:33.914Z
976,BenchmarkTest00976,weakrand,true,330,2026-01-29T20:03:33.915Z,2026-01-29T20:03:33.915Z
977,BenchmarkTest00977,securecookie,true,614,2026-01-29T20:03:33.917Z,2026-01-29T20:03:33.917Z
978,BenchmarkTest00978,cmdi,false,78,2026-01-29T20:03:33.918Z,2026-01-29T20:03:33.918Z
979,BenchmarkTest00979,cmdi,true,78,2026-01-29T20:03:33.919Z,2026-01-29T20:03:33.919Z
980,BenchmarkTest00980,cmdi,false,78,2026-01-29T20:03:33.921Z,2026-01-29T20:03:33.921Z
981,BenchmarkTest00981,cmdi,true,78,2026-01-29T20:03:33.922Z,2026-01-29T20:03:33.922Z
982,BenchmarkTest00982,cmdi,false,78,2026-01-29T20:03:33.924Z,2026-01-29T20:03:33.924Z
983,BenchmarkTest00983,cmdi,true,78,2026-01-29T20:03:33.925Z,2026-01-29T20:03:33.925Z
984,BenchmarkTest00984,weakrand,false,330,2026-01-29T20:03:33.926Z,2026-01-29T20:03:33.926Z
985,BenchmarkTest00985,weakrand,false,330,2026-01-29T20:03:33.927Z,2026-01-29T20:03:33.927Z
986,BenchmarkTest00986,weakrand,false,330,2026-01-29T20:03:33.929Z,2026-01-29T20:03:33.929Z
987,BenchmarkTest00987,weakrand,false,330,2026-01-29T20:03:33.933Z,2026-01-29T20:03:33.933Z
988,BenchmarkTest00988,weakrand,false,330,2026-01-29T20:03:33.937Z,2026-01-29T20:03:33.937Z
989,BenchmarkTest00989,weakrand,false,330,2026-01-29T20:03:33.941Z,2026-01-29T20:03:33.941Z
990,BenchmarkTest00990,weakrand,false,330,2026-01-29T20:03:33.943Z,2026-01-29T20:03:33.943Z
991,BenchmarkTest00991,trustbound,true,501,2026-01-29T20:03:33.944Z,2026-01-29T20:03:33.944Z
992,BenchmarkTest00992,trustbound,false,501,2026-01-29T20:03:33.946Z,2026-01-29T20:03:33.946Z
993,BenchmarkTest00993,trustbound,false,501,2026-01-29T20:03:33.947Z,2026-01-29T20:03:33.947Z
994,BenchmarkTest00994,trustbound,true,501,2026-01-29T20:03:33.949Z,2026-01-29T20:03:33.949Z
995,BenchmarkTest00995,trustbound,true,501,2026-01-29T20:03:33.950Z,2026-01-29T20:03:33.950Z
996,BenchmarkTest00996,sqli,true,89,2026-01-29T20:03:33.951Z,2026-01-29T20:03:33.951Z
997,BenchmarkTest00997,sqli,true,89,2026-01-29T20:03:33.952Z,2026-01-29T20:03:33.952Z
998,BenchmarkTest00998,sqli,true,89,2026-01-29T20:03:33.953Z,2026-01-29T20:03:33.953Z
999,BenchmarkTest00999,sqli,false,89,2026-01-29T20:03:33.954Z,2026-01-29T20:03:33.954Z
1000,BenchmarkTest01000,sqli,true,89,2026-01-29T20:03:33.955Z,2026-01-29T20:03:33.955Z
1001,BenchmarkTest01001,sqli,false,89,2026-01-29T20:03:33.956Z,2026-01-29T20:03:33.956Z
1002,BenchmarkTest01002,sqli,true,89,2026-01-29T20:03:33.957Z,2026-01-29T20:03:33.957Z
1003,BenchmarkTest01003,sqli,true,89,2026-01-29T20:03:33.958Z,2026-01-29T20:03:33.958Z
1004,BenchmarkTest01004,sqli,true,89,2026-01-29T20:03:33.959Z,2026-01-29T20:03:33.959Z
1005,BenchmarkTest01005,sqli,true,89,2026-01-29T20:03:33.959Z,2026-01-29T20:03:33.959Z
1006,BenchmarkTest01006,sqli,true,89,2026-01-29T20:03:33.961Z,2026-01-29T20:03:33.961Z
1007,BenchmarkTest01007,sqli,true,89,2026-01-29T20:03:33.962Z,2026-01-29T20:03:33.962Z
1008,BenchmarkTest01008,sqli,true,89,2026-01-29T20:03:33.962Z,2026-01-29T20:03:33.962Z
1009,BenchmarkTest01009,sqli,true,89,2026-01-29T20:03:33.963Z,2026-01-29T20:03:33.963Z
1010,BenchmarkTest01010,sqli,false,89,2026-01-29T20:03:33.964Z,2026-01-29T20:03:33.964Z
1011,BenchmarkTest01011,sqli,true,89,2026-01-29T20:03:33.968Z,2026-01-29T20:03:33.968Z
1012,BenchmarkTest01012,sqli,false,89,2026-01-29T20:03:33.969Z,2026-01-29T20:03:33.969Z
1013,BenchmarkTest01013,xpathi,false,643,2026-01-29T20:03:33.970Z,2026-01-29T20:03:33.970Z
1014,BenchmarkTest01014,xpathi,false,643,2026-01-29T20:03:33.971Z,2026-01-29T20:03:33.971Z
1015,BenchmarkTest01015,crypto,true,327,2026-01-29T20:03:33.972Z,2026-01-29T20:03:33.972Z
1016,BenchmarkTest01016,crypto,true,327,2026-01-29T20:03:33.973Z,2026-01-29T20:03:33.973Z
1017,BenchmarkTest01017,crypto,true,327,2026-01-29T20:03:33.974Z,2026-01-29T20:03:33.974Z
1018,BenchmarkTest01018,crypto,true,327,2026-01-29T20:03:33.975Z,2026-01-29T20:03:33.975Z
1019,BenchmarkTest01019,crypto,false,327,2026-01-29T20:03:33.976Z,2026-01-29T20:03:33.976Z
1020,BenchmarkTest01020,crypto,true,327,2026-01-29T20:03:33.977Z,2026-01-29T20:03:33.977Z
1021,BenchmarkTest01021,crypto,false,327,2026-01-29T20:03:33.978Z,2026-01-29T20:03:33.978Z
1022,BenchmarkTest01022,crypto,false,327,2026-01-29T20:03:33.979Z,2026-01-29T20:03:33.979Z
1023,BenchmarkTest01023,ldapi,true,90,2026-01-29T20:03:33.981Z,2026-01-29T20:03:33.981Z
1024,BenchmarkTest01024,ldapi,false,90,2026-01-29T20:03:33.982Z,2026-01-29T20:03:33.982Z
1025,BenchmarkTest01025,pathtraver,true,22,2026-01-29T20:03:33.983Z,2026-01-29T20:03:33.983Z
1026,BenchmarkTest01026,pathtraver,false,22,2026-01-29T20:03:33.984Z,2026-01-29T20:03:33.984Z
1027,BenchmarkTest01027,pathtraver,false,22,2026-01-29T20:03:33.984Z,2026-01-29T20:03:33.984Z
1028,BenchmarkTest01028,pathtraver,false,22,2026-01-29T20:03:33.985Z,2026-01-29T20:03:33.985Z
1029,BenchmarkTest01029,pathtraver,true,22,2026-01-29T20:03:33.986Z,2026-01-29T20:03:33.986Z
1030,BenchmarkTest01030,pathtraver,false,22,2026-01-29T20:03:33.988Z,2026-01-29T20:03:33.988Z
1031,BenchmarkTest01031,pathtraver,false,22,2026-01-29T20:03:33.989Z,2026-01-29T20:03:33.989Z
1032,BenchmarkTest01032,pathtraver,true,22,2026-01-29T20:03:33.990Z,2026-01-29T20:03:33.990Z
1033,BenchmarkTest01033,pathtraver,true,22,2026-01-29T20:03:33.991Z,2026-01-29T20:03:33.991Z
1034,BenchmarkTest01034,pathtraver,true,22,2026-01-29T20:03:33.992Z,2026-01-29T20:03:33.992Z
1035,BenchmarkTest01035,pathtraver,false,22,2026-01-29T20:03:33.993Z,2026-01-29T20:03:33.993Z
1036,BenchmarkTest01036,pathtraver,false,22,2026-01-29T20:03:33.993Z,2026-01-29T20:03:33.993Z
1037,BenchmarkTest01037,hash,false,328,2026-01-29T20:03:33.994Z,2026-01-29T20:03:33.994Z
1038,BenchmarkTest01038,hash,true,328,2026-01-29T20:03:33.995Z,2026-01-29T20:03:33.995Z
1039,BenchmarkTest01039,hash,false,328,2026-01-29T20:03:33.996Z,2026-01-29T20:03:33.996Z
1040,BenchmarkTest01040,hash,false,328,2026-01-29T20:03:33.997Z,2026-01-29T20:03:33.997Z
1041,BenchmarkTest01041,hash,true,328,2026-01-29T20:03:33.998Z,2026-01-29T20:03:33.998Z
1042,BenchmarkTest01042,hash,true,328,2026-01-29T20:03:33.999Z,2026-01-29T20:03:33.999Z
1043,BenchmarkTest01043,hash,true,328,2026-01-29T20:03:34.000Z,2026-01-29T20:03:34.000Z
1044,BenchmarkTest01044,hash,true,328,2026-01-29T20:03:34.001Z,2026-01-29T20:03:34.001Z
1045,BenchmarkTest01045,hash,false,328,2026-01-29T20:03:34.002Z,2026-01-29T20:03:34.002Z
1046,BenchmarkTest01046,xss,true,79,2026-01-29T20:03:34.003Z,2026-01-29T20:03:34.003Z
1047,BenchmarkTest01047,xss,true,79,2026-01-29T20:03:34.004Z,2026-01-29T20:03:34.004Z
1048,BenchmarkTest01048,xss,false,79,2026-01-29T20:03:34.005Z,2026-01-29T20:03:34.005Z
1049,BenchmarkTest01049,xss,true,79,2026-01-29T20:03:34.006Z,2026-01-29T20:03:34.006Z
1050,BenchmarkTest01050,xss,true,79,2026-01-29T20:03:34.007Z,2026-01-29T20:03:34.007Z
1051,BenchmarkTest01051,xss,false,79,2026-01-29T20:03:34.008Z,2026-01-29T20:03:34.008Z
1052,BenchmarkTest01052,xss,false,79,2026-01-29T20:03:34.009Z,2026-01-29T20:03:34.009Z
1053,BenchmarkTest01053,xss,false,79,2026-01-29T20:03:34.010Z,2026-01-29T20:03:34.010Z
1054,BenchmarkTest01054,xss,false,79,2026-01-29T20:03:34.011Z,2026-01-29T20:03:34.011Z
1055,BenchmarkTest01055,xss,true,79,2026-01-29T20:03:34.012Z,2026-01-29T20:03:34.012Z
1056,BenchmarkTest01056,xss,true,79,2026-01-29T20:03:34.013Z,2026-01-29T20:03:34.013Z
1057,BenchmarkTest01057,xss,true,79,2026-01-29T20:03:34.014Z,2026-01-29T20:03:34.014Z
1058,BenchmarkTest01058,weakrand,true,330,2026-01-29T20:03:34.015Z,2026-01-29T20:03:34.015Z
1059,BenchmarkTest01059,weakrand,true,330,2026-01-29T20:03:34.016Z,2026-01-29T20:03:34.016Z
1060,BenchmarkTest01060,weakrand,true,330,2026-01-29T20:03:34.017Z,2026-01-29T20:03:34.017Z
1061,BenchmarkTest01061,securecookie,true,614,2026-01-29T20:03:34.020Z,2026-01-29T20:03:34.020Z
1062,BenchmarkTest01062,securecookie,false,614,2026-01-29T20:03:34.022Z,2026-01-29T20:03:34.022Z
1063,BenchmarkTest01063,xss,true,79,2026-01-29T20:03:34.024Z,2026-01-29T20:03:34.024Z
1064,BenchmarkTest01064,cmdi,true,78,2026-01-29T20:03:34.025Z,2026-01-29T20:03:34.025Z
1065,BenchmarkTest01065,cmdi,false,78,2026-01-29T20:03:34.026Z,2026-01-29T20:03:34.026Z
1066,BenchmarkTest01066,cmdi,true,78,2026-01-29T20:03:34.027Z,2026-01-29T20:03:34.027Z
1067,BenchmarkTest01067,cmdi,false,78,2026-01-29T20:03:34.028Z,2026-01-29T20:03:34.028Z
1068,BenchmarkTest01068,cmdi,false,78,2026-01-29T20:03:34.030Z,2026-01-29T20:03:34.030Z
1069,BenchmarkTest01069,weakrand,false,330,2026-01-29T20:03:34.031Z,2026-01-29T20:03:34.031Z
1070,BenchmarkTest01070,weakrand,false,330,2026-01-29T20:03:34.032Z,2026-01-29T20:03:34.032Z
1071,BenchmarkTest01071,weakrand,false,330,2026-01-29T20:03:34.034Z,2026-01-29T20:03:34.034Z
1072,BenchmarkTest01072,weakrand,false,330,2026-01-29T20:03:34.035Z,2026-01-29T20:03:34.035Z
1073,BenchmarkTest01073,weakrand,false,330,2026-01-29T20:03:34.036Z,2026-01-29T20:03:34.036Z
1074,BenchmarkTest01074,weakrand,false,330,2026-01-29T20:03:34.037Z,2026-01-29T20:03:34.037Z
1075,BenchmarkTest01075,weakrand,false,330,2026-01-29T20:03:34.038Z,2026-01-29T20:03:34.038Z
1076,BenchmarkTest01076,weakrand,false,330,2026-01-29T20:03:34.039Z,2026-01-29T20:03:34.039Z
1077,BenchmarkTest01077,weakrand,false,330,2026-01-29T20:03:34.041Z,2026-01-29T20:03:34.041Z
1078,BenchmarkTest01078,weakrand,false,330,2026-01-29T20:03:34.042Z,2026-01-29T20:03:34.042Z
1079,BenchmarkTest01079,weakrand,false,330,2026-01-29T20:03:34.043Z,2026-01-29T20:03:34.043Z
1080,BenchmarkTest01080,trustbound,false,501,2026-01-29T20:03:34.044Z,2026-01-29T20:03:34.044Z
1081,BenchmarkTest01081,trustbound,true,501,2026-01-29T20:03:34.045Z,2026-01-29T20:03:34.045Z
1082,BenchmarkTest01082,trustbound,true,501,2026-01-29T20:03:34.046Z,2026-01-29T20:03:34.046Z
1083,BenchmarkTest01083,sqli,true,89,2026-01-29T20:03:34.047Z,2026-01-29T20:03:34.047Z
1084,BenchmarkTest01084,sqli,true,89,2026-01-29T20:03:34.048Z,2026-01-29T20:03:34.048Z
1085,BenchmarkTest01085,sqli,false,89,2026-01-29T20:03:34.049Z,2026-01-29T20:03:34.049Z
1086,BenchmarkTest01086,sqli,false,89,2026-01-29T20:03:34.050Z,2026-01-29T20:03:34.050Z
1087,BenchmarkTest01087,sqli,true,89,2026-01-29T20:03:34.051Z,2026-01-29T20:03:34.051Z
1088,BenchmarkTest01088,sqli,true,89,2026-01-29T20:03:34.052Z,2026-01-29T20:03:34.052Z
1089,BenchmarkTest01089,sqli,false,89,2026-01-29T20:03:34.053Z,2026-01-29T20:03:34.053Z
1090,BenchmarkTest01090,sqli,true,89,2026-01-29T20:03:34.055Z,2026-01-29T20:03:34.055Z
1091,BenchmarkTest01091,sqli,true,89,2026-01-29T20:03:34.056Z,2026-01-29T20:03:34.056Z
1092,BenchmarkTest01092,sqli,false,89,2026-01-29T20:03:34.057Z,2026-01-29T20:03:34.057Z
1093,BenchmarkTest01093,sqli,true,89,2026-01-29T20:03:34.058Z,2026-01-29T20:03:34.058Z
1094,BenchmarkTest01094,sqli,true,89,2026-01-29T20:03:34.059Z,2026-01-29T20:03:34.059Z
1095,BenchmarkTest01095,sqli,false,89,2026-01-29T20:03:34.060Z,2026-01-29T20:03:34.060Z
1096,BenchmarkTest01096,sqli,false,89,2026-01-29T20:03:34.061Z,2026-01-29T20:03:34.061Z
1097,BenchmarkTest01097,sqli,true,89,2026-01-29T20:03:34.062Z,2026-01-29T20:03:34.062Z
1098,BenchmarkTest01098,sqli,false,89,2026-01-29T20:03:34.064Z,2026-01-29T20:03:34.064Z
1099,BenchmarkTest01099,crypto,true,327,2026-01-29T20:03:34.065Z,2026-01-29T20:03:34.065Z
1100,BenchmarkTest01100,crypto,false,327,2026-01-29T20:03:34.066Z,2026-01-29T20:03:34.066Z
1101,BenchmarkTest01101,crypto,false,327,2026-01-29T20:03:34.067Z,2026-01-29T20:03:34.067Z
1102,BenchmarkTest01102,crypto,true,327,2026-01-29T20:03:34.068Z,2026-01-29T20:03:34.068Z
1103,BenchmarkTest01103,crypto,true,327,2026-01-29T20:03:34.069Z,2026-01-29T20:03:34.069Z
1104,BenchmarkTest01104,crypto,false,327,2026-01-29T20:03:34.070Z,2026-01-29T20:03:34.070Z
1105,BenchmarkTest01105,crypto,true,327,2026-01-29T20:03:34.071Z,2026-01-29T20:03:34.071Z
1106,BenchmarkTest01106,crypto,true,327,2026-01-29T20:03:34.072Z,2026-01-29T20:03:34.072Z
1107,BenchmarkTest01107,crypto,true,327,2026-01-29T20:03:34.073Z,2026-01-29T20:03:34.073Z
1108,BenchmarkTest01108,crypto,false,327,2026-01-29T20:03:34.074Z,2026-01-29T20:03:34.074Z
1109,BenchmarkTest01109,pathtraver,false,22,2026-01-29T20:03:34.075Z,2026-01-29T20:03:34.075Z
1110,BenchmarkTest01110,pathtraver,false,22,2026-01-29T20:03:34.076Z,2026-01-29T20:03:34.076Z
1111,BenchmarkTest01111,pathtraver,true,22,2026-01-29T20:03:34.078Z,2026-01-29T20:03:34.078Z
1112,BenchmarkTest01112,pathtraver,true,22,2026-01-29T20:03:34.081Z,2026-01-29T20:03:34.081Z
1113,BenchmarkTest01113,pathtraver,false,22,2026-01-29T20:03:34.083Z,2026-01-29T20:03:34.083Z
1114,BenchmarkTest01114,pathtraver,false,22,2026-01-29T20:03:34.084Z,2026-01-29T20:03:34.084Z
1115,BenchmarkTest01115,pathtraver,false,22,2026-01-29T20:03:34.086Z,2026-01-29T20:03:34.086Z
1116,BenchmarkTest01116,pathtraver,true,22,2026-01-29T20:03:34.087Z,2026-01-29T20:03:34.087Z
1117,BenchmarkTest01117,pathtraver,true,22,2026-01-29T20:03:34.088Z,2026-01-29T20:03:34.088Z
1118,BenchmarkTest01118,pathtraver,false,22,2026-01-29T20:03:34.089Z,2026-01-29T20:03:34.089Z
1119,BenchmarkTest01119,weakrand,true,330,2026-01-29T20:03:34.095Z,2026-01-29T20:03:34.095Z
1120,BenchmarkTest01120,hash,false,328,2026-01-29T20:03:34.099Z,2026-01-29T20:03:34.099Z
1121,BenchmarkTest01121,hash,false,328,2026-01-29T20:03:34.100Z,2026-01-29T20:03:34.100Z
1122,BenchmarkTest01122,hash,false,328,2026-01-29T20:03:34.101Z,2026-01-29T20:03:34.101Z
1123,BenchmarkTest01123,hash,true,328,2026-01-29T20:03:34.102Z,2026-01-29T20:03:34.102Z
1124,BenchmarkTest01124,hash,true,328,2026-01-29T20:03:34.102Z,2026-01-29T20:03:34.102Z
1125,BenchmarkTest01125,hash,false,328,2026-01-29T20:03:34.105Z,2026-01-29T20:03:34.105Z
1126,BenchmarkTest01126,hash,false,328,2026-01-29T20:03:34.108Z,2026-01-29T20:03:34.108Z
1127,BenchmarkTest01127,weakrand,true,330,2026-01-29T20:03:34.112Z,2026-01-29T20:03:34.112Z
1128,BenchmarkTest01128,weakrand,true,330,2026-01-29T20:03:34.116Z,2026-01-29T20:03:34.116Z
1129,BenchmarkTest01129,weakrand,true,330,2026-01-29T20:03:34.119Z,2026-01-29T20:03:34.119Z
1130,BenchmarkTest01130,weakrand,true,330,2026-01-29T20:03:34.121Z,2026-01-29T20:03:34.121Z
1131,BenchmarkTest01131,weakrand,true,330,2026-01-29T20:03:34.124Z,2026-01-29T20:03:34.124Z
1132,BenchmarkTest01132,weakrand,true,330,2026-01-29T20:03:34.127Z,2026-01-29T20:03:34.127Z
1133,BenchmarkTest01133,weakrand,true,330,2026-01-29T20:03:34.129Z,2026-01-29T20:03:34.129Z
1134,BenchmarkTest01134,securecookie,true,614,2026-01-29T20:03:34.130Z,2026-01-29T20:03:34.130Z
1135,BenchmarkTest01135,weakrand,false,330,2026-01-29T20:03:34.131Z,2026-01-29T20:03:34.131Z
1136,BenchmarkTest01136,weakrand,false,330,2026-01-29T20:03:34.132Z,2026-01-29T20:03:34.132Z
1137,BenchmarkTest01137,weakrand,false,330,2026-01-29T20:03:34.133Z,2026-01-29T20:03:34.133Z
1138,BenchmarkTest01138,weakrand,false,330,2026-01-29T20:03:34.134Z,2026-01-29T20:03:34.134Z
1139,BenchmarkTest01139,weakrand,false,330,2026-01-29T20:03:34.134Z,2026-01-29T20:03:34.134Z
1140,BenchmarkTest01140,weakrand,false,330,2026-01-29T20:03:34.135Z,2026-01-29T20:03:34.135Z
1141,BenchmarkTest01141,weakrand,false,330,2026-01-29T20:03:34.136Z,2026-01-29T20:03:34.136Z
1142,BenchmarkTest01142,trustbound,false,501,2026-01-29T20:03:34.137Z,2026-01-29T20:03:34.137Z
1143,BenchmarkTest01143,trustbound,true,501,2026-01-29T20:03:34.137Z,2026-01-29T20:03:34.137Z
1144,BenchmarkTest01144,trustbound,false,501,2026-01-29T20:03:34.138Z,2026-01-29T20:03:34.138Z
1145,BenchmarkTest01145,trustbound,false,501,2026-01-29T20:03:34.139Z,2026-01-29T20:03:34.139Z
1146,BenchmarkTest01146,trustbound,false,501,2026-01-29T20:03:34.139Z,2026-01-29T20:03:34.139Z
1147,BenchmarkTest01147,crypto,false,327,2026-01-29T20:03:34.140Z,2026-01-29T20:03:34.140Z
1148,BenchmarkTest01148,crypto,true,327,2026-01-29T20:03:34.141Z,2026-01-29T20:03:34.141Z
1149,BenchmarkTest01149,crypto,true,327,2026-01-29T20:03:34.142Z,2026-01-29T20:03:34.142Z
1150,BenchmarkTest01150,crypto,true,327,2026-01-29T20:03:34.142Z,2026-01-29T20:03:34.142Z
1151,BenchmarkTest01151,crypto,false,327,2026-01-29T20:03:34.143Z,2026-01-29T20:03:34.143Z
1152,BenchmarkTest01152,crypto,false,327,2026-01-29T20:03:34.144Z,2026-01-29T20:03:34.144Z
1153,BenchmarkTest01153,crypto,false,327,2026-01-29T20:03:34.145Z,2026-01-29T20:03:34.145Z
1154,BenchmarkTest01154,ldapi,false,90,2026-01-29T20:03:34.145Z,2026-01-29T20:03:34.145Z
1155,BenchmarkTest01155,pathtraver,true,22,2026-01-29T20:03:34.146Z,2026-01-29T20:03:34.146Z
1156,BenchmarkTest01156,pathtraver,true,22,2026-01-29T20:03:34.147Z,2026-01-29T20:03:34.147Z
1157,BenchmarkTest01157,pathtraver,true,22,2026-01-29T20:03:34.148Z,2026-01-29T20:03:34.148Z
1158,BenchmarkTest01158,pathtraver,false,22,2026-01-29T20:03:34.149Z,2026-01-29T20:03:34.149Z
1159,BenchmarkTest01159,pathtraver,false,22,2026-01-29T20:03:34.150Z,2026-01-29T20:03:34.150Z
1160,BenchmarkTest01160,pathtraver,false,22,2026-01-29T20:03:34.151Z,2026-01-29T20:03:34.151Z
1161,BenchmarkTest01161,pathtraver,true,22,2026-01-29T20:03:34.152Z,2026-01-29T20:03:34.152Z
1162,BenchmarkTest01162,weakrand,true,330,2026-01-29T20:03:34.156Z,2026-01-29T20:03:34.156Z
1163,BenchmarkTest01163,weakrand,true,330,2026-01-29T20:03:34.158Z,2026-01-29T20:03:34.158Z
1164,BenchmarkTest01164,hash,false,328,2026-01-29T20:03:34.160Z,2026-01-29T20:03:34.160Z
1165,BenchmarkTest01165,hash,true,328,2026-01-29T20:03:34.162Z,2026-01-29T20:03:34.162Z
1166,BenchmarkTest01166,hash,true,328,2026-01-29T20:03:34.163Z,2026-01-29T20:03:34.163Z
1167,BenchmarkTest01167,hash,true,328,2026-01-29T20:03:34.164Z,2026-01-29T20:03:34.164Z
1168,BenchmarkTest01168,hash,true,328,2026-01-29T20:03:34.166Z,2026-01-29T20:03:34.166Z
1169,BenchmarkTest01169,hash,false,328,2026-01-29T20:03:34.167Z,2026-01-29T20:03:34.167Z
1170,BenchmarkTest01170,hash,false,328,2026-01-29T20:03:34.168Z,2026-01-29T20:03:34.168Z
1171,BenchmarkTest01171,xss,true,79,2026-01-29T20:03:34.169Z,2026-01-29T20:03:34.169Z
1172,BenchmarkTest01172,xss,true,79,2026-01-29T20:03:34.169Z,2026-01-29T20:03:34.169Z
1173,BenchmarkTest01173,xss,true,79,2026-01-29T20:03:34.170Z,2026-01-29T20:03:34.170Z
1174,BenchmarkTest01174,xss,true,79,2026-01-29T20:03:34.171Z,2026-01-29T20:03:34.171Z
1175,BenchmarkTest01175,xss,false,79,2026-01-29T20:03:34.172Z,2026-01-29T20:03:34.172Z
1176,BenchmarkTest01176,xss,false,79,2026-01-29T20:03:34.172Z,2026-01-29T20:03:34.172Z
1177,BenchmarkTest01177,xss,true,79,2026-01-29T20:03:34.173Z,2026-01-29T20:03:34.173Z
1178,BenchmarkTest01178,xss,true,79,2026-01-29T20:03:34.174Z,2026-01-29T20:03:34.174Z
1179,BenchmarkTest01179,xss,true,79,2026-01-29T20:03:34.175Z,2026-01-29T20:03:34.175Z
1180,BenchmarkTest01180,xss,false,79,2026-01-29T20:03:34.175Z,2026-01-29T20:03:34.175Z
1181,BenchmarkTest01181,xss,true,79,2026-01-29T20:03:34.176Z,2026-01-29T20:03:34.176Z
1182,BenchmarkTest01182,cmdi,false,78,2026-01-29T20:03:34.177Z,2026-01-29T20:03:34.177Z
1183,BenchmarkTest01183,weakrand,true,330,2026-01-29T20:03:34.178Z,2026-01-29T20:03:34.178Z
1184,BenchmarkTest01184,weakrand,true,330,2026-01-29T20:03:34.179Z,2026-01-29T20:03:34.179Z
1185,BenchmarkTest01185,securecookie,true,614,2026-01-29T20:03:34.180Z,2026-01-29T20:03:34.180Z
1186,BenchmarkTest01186,securecookie,true,614,2026-01-29T20:03:34.181Z,2026-01-29T20:03:34.181Z
1187,BenchmarkTest01187,securecookie,true,614,2026-01-29T20:03:34.181Z,2026-01-29T20:03:34.181Z
1188,BenchmarkTest01188,xss,false,79,2026-01-29T20:03:34.182Z,2026-01-29T20:03:34.182Z
1189,BenchmarkTest01189,cmdi,false,78,2026-01-29T20:03:34.183Z,2026-01-29T20:03:34.183Z
1190,BenchmarkTest01190,cmdi,true,78,2026-01-29T20:03:34.184Z,2026-01-29T20:03:34.184Z
1191,BenchmarkTest01191,cmdi,true,78,2026-01-29T20:03:34.185Z,2026-01-29T20:03:34.185Z
1192,BenchmarkTest01192,cmdi,true,78,2026-01-29T20:03:34.186Z,2026-01-29T20:03:34.186Z
1193,BenchmarkTest01193,cmdi,false,78,2026-01-29T20:03:34.190Z,2026-01-29T20:03:34.190Z
1194,BenchmarkTest01194,cmdi,true,78,2026-01-29T20:03:34.192Z,2026-01-29T20:03:34.192Z
1195,BenchmarkTest01195,weakrand,false,330,2026-01-29T20:03:34.194Z,2026-01-29T20:03:34.194Z
1196,BenchmarkTest01196,weakrand,false,330,2026-01-29T20:03:34.195Z,2026-01-29T20:03:34.195Z
1197,BenchmarkTest01197,weakrand,false,330,2026-01-29T20:03:34.196Z,2026-01-29T20:03:34.196Z
1198,BenchmarkTest01198,weakrand,false,330,2026-01-29T20:03:34.197Z,2026-01-29T20:03:34.197Z
1199,BenchmarkTest01199,weakrand,false,330,2026-01-29T20:03:34.198Z,2026-01-29T20:03:34.198Z
1200,BenchmarkTest01200,weakrand,false,330,2026-01-29T20:03:34.199Z,2026-01-29T20:03:34.199Z
1201,BenchmarkTest01201,weakrand,false,330,2026-01-29T20:03:34.200Z,2026-01-29T20:03:34.200Z
1202,BenchmarkTest01202,weakrand,false,330,2026-01-29T20:03:34.201Z,2026-01-29T20:03:34.201Z
1203,BenchmarkTest01203,trustbound,true,501,2026-01-29T20:03:34.202Z,2026-01-29T20:03:34.202Z
1204,BenchmarkTest01204,trustbound,true,501,2026-01-29T20:03:34.203Z,2026-01-29T20:03:34.203Z
1205,BenchmarkTest01205,trustbound,false,501,2026-01-29T20:03:34.204Z,2026-01-29T20:03:34.204Z
1206,BenchmarkTest01206,trustbound,true,501,2026-01-29T20:03:34.205Z,2026-01-29T20:03:34.205Z
1207,BenchmarkTest01207,trustbound,false,501,2026-01-29T20:03:34.206Z,2026-01-29T20:03:34.206Z
1208,BenchmarkTest01208,sqli,true,89,2026-01-29T20:03:34.207Z,2026-01-29T20:03:34.207Z
1209,BenchmarkTest01209,sqli,true,89,2026-01-29T20:03:34.208Z,2026-01-29T20:03:34.208Z
1210,BenchmarkTest01210,sqli,true,89,2026-01-29T20:03:34.209Z,2026-01-29T20:03:34.209Z
1211,BenchmarkTest01211,sqli,true,89,2026-01-29T20:03:34.209Z,2026-01-29T20:03:34.209Z
1212,BenchmarkTest01212,sqli,false,89,2026-01-29T20:03:34.210Z,2026-01-29T20:03:34.210Z
1213,BenchmarkTest01213,sqli,false,89,2026-01-29T20:03:34.213Z,2026-01-29T20:03:34.213Z
1214,BenchmarkTest01214,sqli,true,89,2026-01-29T20:03:34.214Z,2026-01-29T20:03:34.214Z
1215,BenchmarkTest01215,sqli,false,89,2026-01-29T20:03:34.215Z,2026-01-29T20:03:34.215Z
1216,BenchmarkTest01216,sqli,false,89,2026-01-29T20:03:34.216Z,2026-01-29T20:03:34.216Z
1217,BenchmarkTest01217,sqli,false,89,2026-01-29T20:03:34.217Z,2026-01-29T20:03:34.217Z
1218,BenchmarkTest01218,sqli,false,89,2026-01-29T20:03:34.218Z,2026-01-29T20:03:34.218Z
1219,BenchmarkTest01219,sqli,false,89,2026-01-29T20:03:34.219Z,2026-01-29T20:03:34.219Z
1220,BenchmarkTest01220,sqli,false,89,2026-01-29T20:03:34.220Z,2026-01-29T20:03:34.220Z
1221,BenchmarkTest01221,sqli,true,89,2026-01-29T20:03:34.223Z,2026-01-29T20:03:34.223Z
1222,BenchmarkTest01222,sqli,true,89,2026-01-29T20:03:34.227Z,2026-01-29T20:03:34.227Z
1223,BenchmarkTest01223,xpathi,true,643,2026-01-29T20:03:34.229Z,2026-01-29T20:03:34.229Z
1224,BenchmarkTest01224,xpathi,true,643,2026-01-29T20:03:34.234Z,2026-01-29T20:03:34.234Z
1225,BenchmarkTest01225,xpathi,false,643,2026-01-29T20:03:34.236Z,2026-01-29T20:03:34.236Z
1226,BenchmarkTest01226,crypto,false,327,2026-01-29T20:03:34.240Z,2026-01-29T20:03:34.240Z
1227,BenchmarkTest01227,crypto,false,327,2026-01-29T20:03:34.243Z,2026-01-29T20:03:34.243Z
1228,BenchmarkTest01228,crypto,true,327,2026-01-29T20:03:34.247Z,2026-01-29T20:03:34.247Z
1229,BenchmarkTest01229,crypto,true,327,2026-01-29T20:03:34.250Z,2026-01-29T20:03:34.250Z
1230,BenchmarkTest01230,crypto,true,327,2026-01-29T20:03:34.254Z,2026-01-29T20:03:34.254Z
1231,BenchmarkTest01231,pathtraver,true,22,2026-01-29T20:03:34.257Z,2026-01-29T20:03:34.257Z
1232,BenchmarkTest01232,pathtraver,true,22,2026-01-29T20:03:34.260Z,2026-01-29T20:03:34.260Z
1233,BenchmarkTest01233,pathtraver,false,22,2026-01-29T20:03:34.263Z,2026-01-29T20:03:34.263Z
1234,BenchmarkTest01234,pathtraver,true,22,2026-01-29T20:03:34.266Z,2026-01-29T20:03:34.266Z
1235,BenchmarkTest01235,pathtraver,true,22,2026-01-29T20:03:34.269Z,2026-01-29T20:03:34.269Z
1236,BenchmarkTest01236,pathtraver,true,22,2026-01-29T20:03:34.273Z,2026-01-29T20:03:34.273Z
1237,BenchmarkTest01237,pathtraver,false,22,2026-01-29T20:03:34.275Z,2026-01-29T20:03:34.275Z
1238,BenchmarkTest01238,pathtraver,true,22,2026-01-29T20:03:34.279Z,2026-01-29T20:03:34.279Z
1239,BenchmarkTest01239,pathtraver,false,22,2026-01-29T20:03:34.283Z,2026-01-29T20:03:34.283Z
1240,BenchmarkTest01240,pathtraver,false,22,2026-01-29T20:03:34.287Z,2026-01-29T20:03:34.287Z
1241,BenchmarkTest01241,ldapi,true,90,2026-01-29T20:03:34.291Z,2026-01-29T20:03:34.291Z
1242,BenchmarkTest01242,ldapi,true,90,2026-01-29T20:03:34.294Z,2026-01-29T20:03:34.294Z
1243,BenchmarkTest01243,ldapi,true,90,2026-01-29T20:03:34.299Z,2026-01-29T20:03:34.299Z
1244,BenchmarkTest01244,hash,true,328,2026-01-29T20:03:34.302Z,2026-01-29T20:03:34.302Z
1245,BenchmarkTest01245,hash,false,328,2026-01-29T20:03:34.307Z,2026-01-29T20:03:34.307Z
1246,BenchmarkTest01246,hash,true,328,2026-01-29T20:03:34.312Z,2026-01-29T20:03:34.312Z
1247,BenchmarkTest01247,hash,true,328,2026-01-29T20:03:34.317Z,2026-01-29T20:03:34.317Z
1248,BenchmarkTest01248,hash,true,328,2026-01-29T20:03:34.321Z,2026-01-29T20:03:34.321Z
1249,BenchmarkTest01249,hash,false,328,2026-01-29T20:03:34.324Z,2026-01-29T20:03:34.324Z
1250,BenchmarkTest01250,hash,false,328,2026-01-29T20:03:34.327Z,2026-01-29T20:03:34.327Z
1251,BenchmarkTest01251,xss,false,79,2026-01-29T20:03:34.329Z,2026-01-29T20:03:34.329Z
1252,BenchmarkTest01252,xss,false,79,2026-01-29T20:03:34.330Z,2026-01-29T20:03:34.330Z
1253,BenchmarkTest01253,xss,true,79,2026-01-29T20:03:34.332Z,2026-01-29T20:03:34.332Z
1254,BenchmarkTest01254,xss,true,79,2026-01-29T20:03:34.333Z,2026-01-29T20:03:34.333Z
1255,BenchmarkTest01255,xss,false,79,2026-01-29T20:03:34.335Z,2026-01-29T20:03:34.335Z
1256,BenchmarkTest01256,xss,false,79,2026-01-29T20:03:34.336Z,2026-01-29T20:03:34.336Z
1257,BenchmarkTest01257,xss,true,79,2026-01-29T20:03:34.337Z,2026-01-29T20:03:34.337Z
1258,BenchmarkTest01258,xss,true,79,2026-01-29T20:03:34.338Z,2026-01-29T20:03:34.338Z
1259,BenchmarkTest01259,xss,true,79,2026-01-29T20:03:34.339Z,2026-01-29T20:03:34.339Z
1260,BenchmarkTest01260,xss,true,79,2026-01-29T20:03:34.340Z,2026-01-29T20:03:34.340Z
1261,BenchmarkTest01261,xss,true,79,2026-01-29T20:03:34.341Z,2026-01-29T20:03:34.341Z
1262,BenchmarkTest01262,xss,true,79,2026-01-29T20:03:34.343Z,2026-01-29T20:03:34.343Z
1263,BenchmarkTest01263,xss,true,79,2026-01-29T20:03:34.344Z,2026-01-29T20:03:34.344Z
1264,BenchmarkTest01264,xss,false,79,2026-01-29T20:03:34.347Z,2026-01-29T20:03:34.347Z
1265,BenchmarkTest01265,xss,false,79,2026-01-29T20:03:34.349Z,2026-01-29T20:03:34.349Z
1266,BenchmarkTest01266,xss,true,79,2026-01-29T20:03:34.350Z,2026-01-29T20:03:34.350Z
1267,BenchmarkTest01267,xss,true,79,2026-01-29T20:03:34.351Z,2026-01-29T20:03:34.351Z
1268,BenchmarkTest01268,xss,true,79,2026-01-29T20:03:34.352Z,2026-01-29T20:03:34.352Z
1269,BenchmarkTest01269,cmdi,false,78,2026-01-29T20:03:34.353Z,2026-01-29T20:03:34.353Z
1270,BenchmarkTest01270,cmdi,true,78,2026-01-29T20:03:34.354Z,2026-01-29T20:03:34.354Z
1271,BenchmarkTest01271,weakrand,true,330,2026-01-29T20:03:34.354Z,2026-01-29T20:03:34.354Z
1272,BenchmarkTest01272,weakrand,true,330,2026-01-29T20:03:34.355Z,2026-01-29T20:03:34.355Z
1273,BenchmarkTest01273,weakrand,true,330,2026-01-29T20:03:34.356Z,2026-01-29T20:03:34.356Z
1274,BenchmarkTest01274,weakrand,true,330,2026-01-29T20:03:34.357Z,2026-01-29T20:03:34.357Z
1275,BenchmarkTest01275,weakrand,true,330,2026-01-29T20:03:34.358Z,2026-01-29T20:03:34.358Z
1276,BenchmarkTest01276,weakrand,true,330,2026-01-29T20:03:34.358Z,2026-01-29T20:03:34.358Z
1277,BenchmarkTest01277,weakrand,true,330,2026-01-29T20:03:34.359Z,2026-01-29T20:03:34.359Z
1278,BenchmarkTest01278,weakrand,true,330,2026-01-29T20:03:34.360Z,2026-01-29T20:03:34.360Z
1279,BenchmarkTest01279,weakrand,true,330,2026-01-29T20:03:34.361Z,2026-01-29T20:03:34.361Z
1280,BenchmarkTest01280,securecookie,true,614,2026-01-29T20:03:34.362Z,2026-01-29T20:03:34.362Z
1281,BenchmarkTest01281,securecookie,true,614,2026-01-29T20:03:34.363Z,2026-01-29T20:03:34.363Z
1282,BenchmarkTest01282,securecookie,true,614,2026-01-29T20:03:34.363Z,2026-01-29T20:03:34.363Z
1283,BenchmarkTest01283,securecookie,true,614,2026-01-29T20:03:34.364Z,2026-01-29T20:03:34.364Z
1284,BenchmarkTest01284,xss,true,79,2026-01-29T20:03:34.365Z,2026-01-29T20:03:34.365Z
1285,BenchmarkTest01285,cmdi,true,78,2026-01-29T20:03:34.366Z,2026-01-29T20:03:34.366Z
1286,BenchmarkTest01286,cmdi,true,78,2026-01-29T20:03:34.367Z,2026-01-29T20:03:34.367Z
1287,BenchmarkTest01287,cmdi,true,78,2026-01-29T20:03:34.368Z,2026-01-29T20:03:34.368Z
1288,BenchmarkTest01288,cmdi,true,78,2026-01-29T20:03:34.369Z,2026-01-29T20:03:34.369Z
1289,BenchmarkTest01289,cmdi,false,78,2026-01-29T20:03:34.370Z,2026-01-29T20:03:34.370Z
1290,BenchmarkTest01290,cmdi,false,78,2026-01-29T20:03:34.372Z,2026-01-29T20:03:34.372Z
1291,BenchmarkTest01291,weakrand,false,330,2026-01-29T20:03:34.373Z,2026-01-29T20:03:34.373Z
1292,BenchmarkTest01292,weakrand,false,330,2026-01-29T20:03:34.374Z,2026-01-29T20:03:34.374Z
1293,BenchmarkTest01293,weakrand,false,330,2026-01-29T20:03:34.375Z,2026-01-29T20:03:34.375Z
1294,BenchmarkTest01294,weakrand,false,330,2026-01-29T20:03:34.376Z,2026-01-29T20:03:34.376Z
1295,BenchmarkTest01295,weakrand,false,330,2026-01-29T20:03:34.377Z,2026-01-29T20:03:34.377Z
1296,BenchmarkTest01296,weakrand,false,330,2026-01-29T20:03:34.378Z,2026-01-29T20:03:34.378Z
1297,BenchmarkTest01297,weakrand,false,330,2026-01-29T20:03:34.379Z,2026-01-29T20:03:34.379Z
1298,BenchmarkTest01298,weakrand,false,330,2026-01-29T20:03:34.380Z,2026-01-29T20:03:34.380Z
1299,BenchmarkTest01299,trustbound,true,501,2026-01-29T20:03:34.381Z,2026-01-29T20:03:34.381Z
1300,BenchmarkTest01300,trustbound,false,501,2026-01-29T20:03:34.382Z,2026-01-29T20:03:34.382Z
1301,BenchmarkTest01301,sqli,false,89,2026-01-29T20:03:34.382Z,2026-01-29T20:03:34.382Z
1302,BenchmarkTest01302,sqli,true,89,2026-01-29T20:03:34.383Z,2026-01-29T20:03:34.383Z
1303,BenchmarkTest01303,sqli,false,89,2026-01-29T20:03:34.384Z,2026-01-29T20:03:34.384Z
1304,BenchmarkTest01304,sqli,true,89,2026-01-29T20:03:34.385Z,2026-01-29T20:03:34.385Z
1305,BenchmarkTest01305,sqli,false,89,2026-01-29T20:03:34.386Z,2026-01-29T20:03:34.386Z
1306,BenchmarkTest01306,sqli,true,89,2026-01-29T20:03:34.387Z,2026-01-29T20:03:34.387Z
1307,BenchmarkTest01307,sqli,false,89,2026-01-29T20:03:34.388Z,2026-01-29T20:03:34.388Z
1308,BenchmarkTest01308,sqli,true,89,2026-01-29T20:03:34.389Z,2026-01-29T20:03:34.389Z
1309,BenchmarkTest01309,sqli,false,89,2026-01-29T20:03:34.390Z,2026-01-29T20:03:34.390Z
1310,BenchmarkTest01310,sqli,false,89,2026-01-29T20:03:34.391Z,2026-01-29T20:03:34.391Z
1311,BenchmarkTest01311,sqli,true,89,2026-01-29T20:03:34.392Z,2026-01-29T20:03:34.392Z
1312,BenchmarkTest01312,sqli,true,89,2026-01-29T20:03:34.393Z,2026-01-29T20:03:34.393Z
1313,BenchmarkTest01313,sqli,true,89,2026-01-29T20:03:34.394Z,2026-01-29T20:03:34.394Z
1314,BenchmarkTest01314,sqli,true,89,2026-01-29T20:03:34.397Z,2026-01-29T20:03:34.397Z
1315,BenchmarkTest01315,sqli,false,89,2026-01-29T20:03:34.398Z,2026-01-29T20:03:34.398Z
1316,BenchmarkTest01316,xpathi,true,643,2026-01-29T20:03:34.399Z,2026-01-29T20:03:34.399Z
1317,BenchmarkTest01317,crypto,true,327,2026-01-29T20:03:34.400Z,2026-01-29T20:03:34.400Z
1318,BenchmarkTest01318,crypto,true,327,2026-01-29T20:03:34.401Z,2026-01-29T20:03:34.401Z
1319,BenchmarkTest01319,crypto,false,327,2026-01-29T20:03:34.402Z,2026-01-29T20:03:34.402Z
1320,BenchmarkTest01320,crypto,true,327,2026-01-29T20:03:34.403Z,2026-01-29T20:03:34.403Z
1321,BenchmarkTest01321,crypto,false,327,2026-01-29T20:03:34.404Z,2026-01-29T20:03:34.404Z
1322,BenchmarkTest01322,crypto,true,327,2026-01-29T20:03:34.405Z,2026-01-29T20:03:34.405Z
1323,BenchmarkTest01323,crypto,true,327,2026-01-29T20:03:34.406Z,2026-01-29T20:03:34.406Z
1324,BenchmarkTest01324,crypto,false,327,2026-01-29T20:03:34.407Z,2026-01-29T20:03:34.407Z
1325,BenchmarkTest01325,crypto,true,327,2026-01-29T20:03:34.408Z,2026-01-29T20:03:34.408Z
1326,BenchmarkTest01326,ldapi,true,90,2026-01-29T20:03:34.409Z,2026-01-29T20:03:34.409Z
1327,BenchmarkTest01327,ldapi,false,90,2026-01-29T20:03:34.410Z,2026-01-29T20:03:34.410Z
1328,BenchmarkTest01328,pathtraver,false,22,2026-01-29T20:03:34.410Z,2026-01-29T20:03:34.410Z
1329,BenchmarkTest01329,pathtraver,true,22,2026-01-29T20:03:34.411Z,2026-01-29T20:03:34.411Z
1330,BenchmarkTest01330,pathtraver,true,22,2026-01-29T20:03:34.413Z,2026-01-29T20:03:34.413Z
1331,BenchmarkTest01331,pathtraver,false,22,2026-01-29T20:03:34.414Z,2026-01-29T20:03:34.414Z
1332,BenchmarkTest01332,hash,false,328,2026-01-29T20:03:34.415Z,2026-01-29T20:03:34.415Z
1333,BenchmarkTest01333,hash,true,328,2026-01-29T20:03:34.416Z,2026-01-29T20:03:34.416Z
1334,BenchmarkTest01334,hash,true,328,2026-01-29T20:03:34.418Z,2026-01-29T20:03:34.418Z
1335,BenchmarkTest01335,xss,true,79,2026-01-29T20:03:34.418Z,2026-01-29T20:03:34.418Z
1336,BenchmarkTest01336,xss,false,79,2026-01-29T20:03:34.419Z,2026-01-29T20:03:34.419Z
1337,BenchmarkTest01337,xss,true,79,2026-01-29T20:03:34.420Z,2026-01-29T20:03:34.420Z
1338,BenchmarkTest01338,xss,false,79,2026-01-29T20:03:34.421Z,2026-01-29T20:03:34.421Z
1339,BenchmarkTest01339,xss,false,79,2026-01-29T20:03:34.422Z,2026-01-29T20:03:34.422Z
1340,BenchmarkTest01340,xss,false,79,2026-01-29T20:03:34.423Z,2026-01-29T20:03:34.423Z
1341,BenchmarkTest01341,xss,false,79,2026-01-29T20:03:34.424Z,2026-01-29T20:03:34.424Z
1342,BenchmarkTest01342,xss,false,79,2026-01-29T20:03:34.424Z,2026-01-29T20:03:34.424Z
1343,BenchmarkTest01343,xss,false,79,2026-01-29T20:03:34.425Z,2026-01-29T20:03:34.425Z
1344,BenchmarkTest01344,xss,false,79,2026-01-29T20:03:34.426Z,2026-01-29T20:03:34.426Z
1345,BenchmarkTest01345,xss,false,79,2026-01-29T20:03:34.427Z,2026-01-29T20:03:34.427Z
1346,BenchmarkTest01346,xss,true,79,2026-01-29T20:03:34.428Z,2026-01-29T20:03:34.428Z
1347,BenchmarkTest01347,xss,true,79,2026-01-29T20:03:34.429Z,2026-01-29T20:03:34.429Z
1348,BenchmarkTest01348,xss,false,79,2026-01-29T20:03:34.430Z,2026-01-29T20:03:34.430Z
1349,BenchmarkTest01349,xss,true,79,2026-01-29T20:03:34.430Z,2026-01-29T20:03:34.430Z
1350,BenchmarkTest01350,xss,true,79,2026-01-29T20:03:34.431Z,2026-01-29T20:03:34.431Z
1351,BenchmarkTest01351,xss,false,79,2026-01-29T20:03:34.432Z,2026-01-29T20:03:34.432Z
1352,BenchmarkTest01352,xss,false,79,2026-01-29T20:03:34.433Z,2026-01-29T20:03:34.433Z
1353,BenchmarkTest01353,cmdi,false,78,2026-01-29T20:03:34.434Z,2026-01-29T20:03:34.434Z
1354,BenchmarkTest01354,weakrand,true,330,2026-01-29T20:03:34.435Z,2026-01-29T20:03:34.435Z
1355,BenchmarkTest01355,weakrand,true,330,2026-01-29T20:03:34.436Z,2026-01-29T20:03:34.436Z
1356,BenchmarkTest01356,weakrand,true,330,2026-01-29T20:03:34.437Z,2026-01-29T20:03:34.437Z
1357,BenchmarkTest01357,weakrand,true,330,2026-01-29T20:03:34.441Z,2026-01-29T20:03:34.441Z
1358,BenchmarkTest01358,weakrand,true,330,2026-01-29T20:03:34.443Z,2026-01-29T20:03:34.443Z
1359,BenchmarkTest01359,securecookie,false,614,2026-01-29T20:03:34.445Z,2026-01-29T20:03:34.445Z
1360,BenchmarkTest01360,cmdi,true,78,2026-01-29T20:03:34.446Z,2026-01-29T20:03:34.446Z
1361,BenchmarkTest01361,cmdi,true,78,2026-01-29T20:03:34.448Z,2026-01-29T20:03:34.448Z
1362,BenchmarkTest01362,cmdi,true,78,2026-01-29T20:03:34.449Z,2026-01-29T20:03:34.449Z
1363,BenchmarkTest01363,cmdi,true,78,2026-01-29T20:03:34.450Z,2026-01-29T20:03:34.450Z
1364,BenchmarkTest01364,cmdi,false,78,2026-01-29T20:03:34.451Z,2026-01-29T20:03:34.451Z
1365,BenchmarkTest01365,cmdi,false,78,2026-01-29T20:03:34.456Z,2026-01-29T20:03:34.456Z
1366,BenchmarkTest01366,weakrand,false,330,2026-01-29T20:03:34.457Z,2026-01-29T20:03:34.457Z
1367,BenchmarkTest01367,weakrand,false,330,2026-01-29T20:03:34.459Z,2026-01-29T20:03:34.459Z
1368,BenchmarkTest01368,weakrand,false,330,2026-01-29T20:03:34.461Z,2026-01-29T20:03:34.461Z
1369,BenchmarkTest01369,weakrand,false,330,2026-01-29T20:03:34.462Z,2026-01-29T20:03:34.462Z
1370,BenchmarkTest01370,weakrand,false,330,2026-01-29T20:03:34.464Z,2026-01-29T20:03:34.464Z
1371,BenchmarkTest01371,weakrand,false,330,2026-01-29T20:03:34.465Z,2026-01-29T20:03:34.465Z
1372,BenchmarkTest01372,weakrand,false,330,2026-01-29T20:03:34.466Z,2026-01-29T20:03:34.466Z
1373,BenchmarkTest01373,weakrand,false,330,2026-01-29T20:03:34.468Z,2026-01-29T20:03:34.468Z
1374,BenchmarkTest01374,trustbound,true,501,2026-01-29T20:03:34.468Z,2026-01-29T20:03:34.468Z
1375,BenchmarkTest01375,trustbound,true,501,2026-01-29T20:03:34.469Z,2026-01-29T20:03:34.469Z
1376,BenchmarkTest01376,trustbound,true,501,2026-01-29T20:03:34.470Z,2026-01-29T20:03:34.470Z
1377,BenchmarkTest01377,trustbound,false,501,2026-01-29T20:03:34.472Z,2026-01-29T20:03:34.472Z
1378,BenchmarkTest01378,sqli,false,89,2026-01-29T20:03:34.473Z,2026-01-29T20:03:34.473Z
1379,BenchmarkTest01379,sqli,true,89,2026-01-29T20:03:34.474Z,2026-01-29T20:03:34.474Z
1380,BenchmarkTest01380,sqli,false,89,2026-01-29T20:03:34.475Z,2026-01-29T20:03:34.475Z
1381,BenchmarkTest01381,sqli,true,89,2026-01-29T20:03:34.476Z,2026-01-29T20:03:34.476Z
1382,BenchmarkTest01382,sqli,true,89,2026-01-29T20:03:34.477Z,2026-01-29T20:03:34.477Z
1383,BenchmarkTest01383,sqli,true,89,2026-01-29T20:03:34.478Z,2026-01-29T20:03:34.478Z
1384,BenchmarkTest01384,sqli,true,89,2026-01-29T20:03:34.478Z,2026-01-29T20:03:34.478Z
1385,BenchmarkTest01385,sqli,false,89,2026-01-29T20:03:34.479Z,2026-01-29T20:03:34.479Z
1386,BenchmarkTest01386,sqli,false,89,2026-01-29T20:03:34.480Z,2026-01-29T20:03:34.480Z
1387,BenchmarkTest01387,sqli,false,89,2026-01-29T20:03:34.481Z,2026-01-29T20:03:34.481Z
1388,BenchmarkTest01388,sqli,true,89,2026-01-29T20:03:34.482Z,2026-01-29T20:03:34.482Z
1389,BenchmarkTest01389,sqli,false,89,2026-01-29T20:03:34.484Z,2026-01-29T20:03:34.484Z
1390,BenchmarkTest01390,sqli,true,89,2026-01-29T20:03:34.484Z,2026-01-29T20:03:34.484Z
1391,BenchmarkTest01391,sqli,true,89,2026-01-29T20:03:34.486Z,2026-01-29T20:03:34.486Z
1392,BenchmarkTest01392,sqli,false,89,2026-01-29T20:03:34.487Z,2026-01-29T20:03:34.487Z
1393,BenchmarkTest01393,sqli,false,89,2026-01-29T20:03:34.488Z,2026-01-29T20:03:34.488Z
1394,BenchmarkTest01394,sqli,true,89,2026-01-29T20:03:34.489Z,2026-01-29T20:03:34.489Z
1395,BenchmarkTest01395,sqli,true,89,2026-01-29T20:03:34.490Z,2026-01-29T20:03:34.490Z
1396,BenchmarkTest01396,sqli,true,89,2026-01-29T20:03:34.492Z,2026-01-29T20:03:34.492Z
1397,BenchmarkTest01397,xpathi,false,643,2026-01-29T20:03:34.492Z,2026-01-29T20:03:34.492Z
1398,BenchmarkTest01398,crypto,true,327,2026-01-29T20:03:34.493Z,2026-01-29T20:03:34.493Z
1399,BenchmarkTest01399,crypto,false,327,2026-01-29T20:03:34.494Z,2026-01-29T20:03:34.494Z
1400,BenchmarkTest01400,crypto,false,327,2026-01-29T20:03:34.495Z,2026-01-29T20:03:34.495Z
1401,BenchmarkTest01401,crypto,false,327,2026-01-29T20:03:34.497Z,2026-01-29T20:03:34.497Z
1402,BenchmarkTest01402,ldapi,false,90,2026-01-29T20:03:34.498Z,2026-01-29T20:03:34.498Z
1403,BenchmarkTest01403,pathtraver,true,22,2026-01-29T20:03:34.499Z,2026-01-29T20:03:34.499Z
1404,BenchmarkTest01404,pathtraver,false,22,2026-01-29T20:03:34.500Z,2026-01-29T20:03:34.500Z
1405,BenchmarkTest01405,pathtraver,true,22,2026-01-29T20:03:34.501Z,2026-01-29T20:03:34.501Z
1406,BenchmarkTest01406,pathtraver,false,22,2026-01-29T20:03:34.502Z,2026-01-29T20:03:34.502Z
1407,BenchmarkTest01407,pathtraver,false,22,2026-01-29T20:03:34.504Z,2026-01-29T20:03:34.504Z
1408,BenchmarkTest01408,pathtraver,true,22,2026-01-29T20:03:34.505Z,2026-01-29T20:03:34.505Z
1409,BenchmarkTest01409,pathtraver,false,22,2026-01-29T20:03:34.506Z,2026-01-29T20:03:34.506Z
1410,BenchmarkTest01410,hash,false,328,2026-01-29T20:03:34.507Z,2026-01-29T20:03:34.507Z
1411,BenchmarkTest01411,hash,true,328,2026-01-29T20:03:34.508Z,2026-01-29T20:03:34.508Z
1412,BenchmarkTest01412,hash,false,328,2026-01-29T20:03:34.508Z,2026-01-29T20:03:34.508Z
1413,BenchmarkTest01413,hash,false,328,2026-01-29T20:03:34.509Z,2026-01-29T20:03:34.509Z
1414,BenchmarkTest01414,hash,true,328,2026-01-29T20:03:34.510Z,2026-01-29T20:03:34.510Z
1415,BenchmarkTest01415,hash,true,328,2026-01-29T20:03:34.513Z,2026-01-29T20:03:34.513Z
1416,BenchmarkTest01416,hash,true,328,2026-01-29T20:03:34.514Z,2026-01-29T20:03:34.514Z
1417,BenchmarkTest01417,xss,true,79,2026-01-29T20:03:34.516Z,2026-01-29T20:03:34.516Z
1418,BenchmarkTest01418,xss,true,79,2026-01-29T20:03:34.516Z,2026-01-29T20:03:34.516Z
1419,BenchmarkTest01419,xss,false,79,2026-01-29T20:03:34.517Z,2026-01-29T20:03:34.517Z
1420,BenchmarkTest01420,xss,false,79,2026-01-29T20:03:34.518Z,2026-01-29T20:03:34.518Z
1421,BenchmarkTest01421,xss,false,79,2026-01-29T20:03:34.519Z,2026-01-29T20:03:34.519Z
1422,BenchmarkTest01422,xss,false,79,2026-01-29T20:03:34.520Z,2026-01-29T20:03:34.520Z
1423,BenchmarkTest01423,xss,true,79,2026-01-29T20:03:34.521Z,2026-01-29T20:03:34.521Z
1424,BenchmarkTest01424,xss,true,79,2026-01-29T20:03:34.522Z,2026-01-29T20:03:34.522Z
1425,BenchmarkTest01425,xss,false,79,2026-01-29T20:03:34.522Z,2026-01-29T20:03:34.522Z
1426,BenchmarkTest01426,xss,true,79,2026-01-29T20:03:34.523Z,2026-01-29T20:03:34.523Z
1427,BenchmarkTest01427,xss,true,79,2026-01-29T20:03:34.524Z,2026-01-29T20:03:34.524Z
1428,BenchmarkTest01428,xss,true,79,2026-01-29T20:03:34.525Z,2026-01-29T20:03:34.525Z
1429,BenchmarkTest01429,xss,true,79,2026-01-29T20:03:34.526Z,2026-01-29T20:03:34.526Z
1430,BenchmarkTest01430,cmdi,true,78,2026-01-29T20:03:34.527Z,2026-01-29T20:03:34.527Z
1431,BenchmarkTest01431,weakrand,true,330,2026-01-29T20:03:34.528Z,2026-01-29T20:03:34.528Z
1432,BenchmarkTest01432,weakrand,true,330,2026-01-29T20:03:34.528Z,2026-01-29T20:03:34.528Z
1433,BenchmarkTest01433,weakrand,true,330,2026-01-29T20:03:34.529Z,2026-01-29T20:03:34.529Z
1434,BenchmarkTest01434,weakrand,true,330,2026-01-29T20:03:34.530Z,2026-01-29T20:03:34.530Z
1435,BenchmarkTest01435,weakrand,true,330,2026-01-29T20:03:34.531Z,2026-01-29T20:03:34.531Z
1436,BenchmarkTest01436,securecookie,false,614,2026-01-29T20:03:34.532Z,2026-01-29T20:03:34.532Z
1437,BenchmarkTest01437,xss,true,79,2026-01-29T20:03:34.533Z,2026-01-29T20:03:34.533Z
1438,BenchmarkTest01438,xss,true,79,2026-01-29T20:03:34.534Z,2026-01-29T20:03:34.534Z
1439,BenchmarkTest01439,xss,false,79,2026-01-29T20:03:34.535Z,2026-01-29T20:03:34.535Z
1440,BenchmarkTest01440,cmdi,false,78,2026-01-29T20:03:34.536Z,2026-01-29T20:03:34.536Z
1441,BenchmarkTest01441,cmdi,true,78,2026-01-29T20:03:34.537Z,2026-01-29T20:03:34.537Z
1442,BenchmarkTest01442,cmdi,true,78,2026-01-29T20:03:34.538Z,2026-01-29T20:03:34.538Z
1443,BenchmarkTest01443,cmdi,false,78,2026-01-29T20:03:34.539Z,2026-01-29T20:03:34.539Z
1444,BenchmarkTest01444,cmdi,false,78,2026-01-29T20:03:34.541Z,2026-01-29T20:03:34.541Z
1445,BenchmarkTest01445,cmdi,false,78,2026-01-29T20:03:34.542Z,2026-01-29T20:03:34.542Z
1446,BenchmarkTest01446,cmdi,true,78,2026-01-29T20:03:34.543Z,2026-01-29T20:03:34.543Z
1447,BenchmarkTest01447,weakrand,false,330,2026-01-29T20:03:34.544Z,2026-01-29T20:03:34.544Z
1448,BenchmarkTest01448,weakrand,false,330,2026-01-29T20:03:34.545Z,2026-01-29T20:03:34.545Z
1449,BenchmarkTest01449,weakrand,false,330,2026-01-29T20:03:34.547Z,2026-01-29T20:03:34.547Z
1450,BenchmarkTest01450,weakrand,false,330,2026-01-29T20:03:34.548Z,2026-01-29T20:03:34.548Z
1451,BenchmarkTest01451,weakrand,false,330,2026-01-29T20:03:34.549Z,2026-01-29T20:03:34.549Z
1452,BenchmarkTest01452,weakrand,false,330,2026-01-29T20:03:34.550Z,2026-01-29T20:03:34.550Z
1453,BenchmarkTest01453,weakrand,false,330,2026-01-29T20:03:34.551Z,2026-01-29T20:03:34.551Z
1454,BenchmarkTest01454,trustbound,false,501,2026-01-29T20:03:34.552Z,2026-01-29T20:03:34.552Z
1455,BenchmarkTest01455,trustbound,true,501,2026-01-29T20:03:34.553Z,2026-01-29T20:03:34.553Z
1456,BenchmarkTest01456,trustbound,true,501,2026-01-29T20:03:34.553Z,2026-01-29T20:03:34.553Z
1457,BenchmarkTest01457,trustbound,true,501,2026-01-29T20:03:34.554Z,2026-01-29T20:03:34.554Z
1458,BenchmarkTest01458,trustbound,true,501,2026-01-29T20:03:34.556Z,2026-01-29T20:03:34.556Z
1459,BenchmarkTest01459,sqli,false,89,2026-01-29T20:03:34.556Z,2026-01-29T20:03:34.556Z
1460,BenchmarkTest01460,sqli,true,89,2026-01-29T20:03:34.557Z,2026-01-29T20:03:34.557Z
1461,BenchmarkTest01461,sqli,false,89,2026-01-29T20:03:34.558Z,2026-01-29T20:03:34.558Z
1462,BenchmarkTest01462,sqli,true,89,2026-01-29T20:03:34.559Z,2026-01-29T20:03:34.559Z
1463,BenchmarkTest01463,sqli,true,89,2026-01-29T20:03:34.560Z,2026-01-29T20:03:34.560Z
1464,BenchmarkTest01464,sqli,true,89,2026-01-29T20:03:34.561Z,2026-01-29T20:03:34.561Z
1465,BenchmarkTest01465,sqli,true,89,2026-01-29T20:03:34.564Z,2026-01-29T20:03:34.564Z
1466,BenchmarkTest01466,sqli,true,89,2026-01-29T20:03:34.565Z,2026-01-29T20:03:34.565Z
1467,BenchmarkTest01467,sqli,false,89,2026-01-29T20:03:34.566Z,2026-01-29T20:03:34.566Z
1468,BenchmarkTest01468,sqli,false,89,2026-01-29T20:03:34.567Z,2026-01-29T20:03:34.567Z
1469,BenchmarkTest01469,sqli,false,89,2026-01-29T20:03:34.568Z,2026-01-29T20:03:34.568Z
1470,BenchmarkTest01470,sqli,true,89,2026-01-29T20:03:34.569Z,2026-01-29T20:03:34.569Z
1471,BenchmarkTest01471,sqli,true,89,2026-01-29T20:03:34.570Z,2026-01-29T20:03:34.570Z
1472,BenchmarkTest01472,sqli,false,89,2026-01-29T20:03:34.571Z,2026-01-29T20:03:34.571Z
1473,BenchmarkTest01473,sqli,true,89,2026-01-29T20:03:34.573Z,2026-01-29T20:03:34.573Z
1474,BenchmarkTest01474,sqli,true,89,2026-01-29T20:03:34.574Z,2026-01-29T20:03:34.574Z
1475,BenchmarkTest01475,sqli,true,89,2026-01-29T20:03:34.575Z,2026-01-29T20:03:34.575Z
1476,BenchmarkTest01476,sqli,true,89,2026-01-29T20:03:34.576Z,2026-01-29T20:03:34.576Z
1477,BenchmarkTest01477,sqli,true,89,2026-01-29T20:03:34.577Z,2026-01-29T20:03:34.577Z
1478,BenchmarkTest01478,xpathi,true,643,2026-01-29T20:03:34.578Z,2026-01-29T20:03:34.578Z
1479,BenchmarkTest01479,xpathi,false,643,2026-01-29T20:03:34.579Z,2026-01-29T20:03:34.579Z
1480,BenchmarkTest01480,crypto,true,327,2026-01-29T20:03:34.580Z,2026-01-29T20:03:34.580Z
1481,BenchmarkTest01481,crypto,false,327,2026-01-29T20:03:34.583Z,2026-01-29T20:03:34.583Z
1482,BenchmarkTest01482,crypto,false,327,2026-01-29T20:03:34.586Z,2026-01-29T20:03:34.586Z
1483,BenchmarkTest01483,crypto,true,327,2026-01-29T20:03:34.587Z,2026-01-29T20:03:34.587Z
1484,BenchmarkTest01484,crypto,true,327,2026-01-29T20:03:34.588Z,2026-01-29T20:03:34.588Z
1485,BenchmarkTest01485,crypto,false,327,2026-01-29T20:03:34.589Z,2026-01-29T20:03:34.589Z
1486,BenchmarkTest01486,crypto,true,327,2026-01-29T20:03:34.591Z,2026-01-29T20:03:34.591Z
1487,BenchmarkTest01487,crypto,false,327,2026-01-29T20:03:34.592Z,2026-01-29T20:03:34.592Z
1488,BenchmarkTest01488,crypto,false,327,2026-01-29T20:03:34.593Z,2026-01-29T20:03:34.593Z
1489,BenchmarkTest01489,crypto,true,327,2026-01-29T20:03:34.594Z,2026-01-29T20:03:34.594Z
1490,BenchmarkTest01490,ldapi,true,90,2026-01-29T20:03:34.595Z,2026-01-29T20:03:34.595Z
1491,BenchmarkTest01491,ldapi,false,90,2026-01-29T20:03:34.596Z,2026-01-29T20:03:34.596Z
1492,BenchmarkTest01492,ldapi,false,90,2026-01-29T20:03:34.597Z,2026-01-29T20:03:34.597Z
1493,BenchmarkTest01493,pathtraver,false,22,2026-01-29T20:03:34.598Z,2026-01-29T20:03:34.598Z
1494,BenchmarkTest01494,pathtraver,true,22,2026-01-29T20:03:34.600Z,2026-01-29T20:03:34.600Z
1495,BenchmarkTest01495,pathtraver,true,22,2026-01-29T20:03:34.601Z,2026-01-29T20:03:34.601Z
1496,BenchmarkTest01496,pathtraver,true,22,2026-01-29T20:03:34.602Z,2026-01-29T20:03:34.602Z
1497,BenchmarkTest01497,pathtraver,true,22,2026-01-29T20:03:34.603Z,2026-01-29T20:03:34.603Z
1498,BenchmarkTest01498,pathtraver,true,22,2026-01-29T20:03:34.604Z,2026-01-29T20:03:34.604Z
1499,BenchmarkTest01499,pathtraver,false,22,2026-01-29T20:03:34.605Z,2026-01-29T20:03:34.605Z
1500,BenchmarkTest01500,pathtraver,true,22,2026-01-29T20:03:34.607Z,2026-01-29T20:03:34.607Z
1501,BenchmarkTest01501,ldapi,true,90,2026-01-29T20:03:34.608Z,2026-01-29T20:03:34.608Z
1502,BenchmarkTest01502,weakrand,true,330,2026-01-29T20:03:34.609Z,2026-01-29T20:03:34.609Z
1503,BenchmarkTest01503,hash,true,328,2026-01-29T20:03:34.610Z,2026-01-29T20:03:34.610Z
1504,BenchmarkTest01504,hash,true,328,2026-01-29T20:03:34.611Z,2026-01-29T20:03:34.611Z
1505,BenchmarkTest01505,xss,true,79,2026-01-29T20:03:34.612Z,2026-01-29T20:03:34.612Z
1506,BenchmarkTest01506,xss,true,79,2026-01-29T20:03:34.612Z,2026-01-29T20:03:34.612Z
1507,BenchmarkTest01507,xss,true,79,2026-01-29T20:03:34.613Z,2026-01-29T20:03:34.613Z
1508,BenchmarkTest01508,xss,false,79,2026-01-29T20:03:34.614Z,2026-01-29T20:03:34.614Z
1509,BenchmarkTest01509,xss,true,79,2026-01-29T20:03:34.615Z,2026-01-29T20:03:34.615Z
1510,BenchmarkTest01510,xss,true,79,2026-01-29T20:03:34.616Z,2026-01-29T20:03:34.616Z
1511,BenchmarkTest01511,xss,true,79,2026-01-29T20:03:34.617Z,2026-01-29T20:03:34.617Z
1512,BenchmarkTest01512,xss,true,79,2026-01-29T20:03:34.618Z,2026-01-29T20:03:34.618Z
1513,BenchmarkTest01513,xss,false,79,2026-01-29T20:03:34.619Z,2026-01-29T20:03:34.619Z
1514,BenchmarkTest01514,xss,false,79,2026-01-29T20:03:34.620Z,2026-01-29T20:03:34.620Z
1515,BenchmarkTest01515,xss,false,79,2026-01-29T20:03:34.621Z,2026-01-29T20:03:34.621Z
1516,BenchmarkTest01516,cmdi,false,78,2026-01-29T20:03:34.624Z,2026-01-29T20:03:34.624Z
1517,BenchmarkTest01517,cmdi,true,78,2026-01-29T20:03:34.626Z,2026-01-29T20:03:34.626Z
1518,BenchmarkTest01518,weakrand,true,330,2026-01-29T20:03:34.627Z,2026-01-29T20:03:34.627Z
1519,BenchmarkTest01519,weakrand,true,330,2026-01-29T20:03:34.628Z,2026-01-29T20:03:34.628Z
1520,BenchmarkTest01520,weakrand,true,330,2026-01-29T20:03:34.629Z,2026-01-29T20:03:34.629Z
1521,BenchmarkTest01521,securecookie,true,614,2026-01-29T20:03:34.630Z,2026-01-29T20:03:34.630Z
1522,BenchmarkTest01522,securecookie,false,614,2026-01-29T20:03:34.631Z,2026-01-29T20:03:34.631Z
1523,BenchmarkTest01523,securecookie,false,614,2026-01-29T20:03:34.632Z,2026-01-29T20:03:34.632Z
1524,BenchmarkTest01524,securecookie,false,614,2026-01-29T20:03:34.633Z,2026-01-29T20:03:34.633Z
1525,BenchmarkTest01525,xss,true,79,2026-01-29T20:03:34.634Z,2026-01-29T20:03:34.634Z
1526,BenchmarkTest01526,cmdi,false,78,2026-01-29T20:03:34.635Z,2026-01-29T20:03:34.635Z
1527,BenchmarkTest01527,cmdi,false,78,2026-01-29T20:03:34.636Z,2026-01-29T20:03:34.636Z
1528,BenchmarkTest01528,cmdi,false,78,2026-01-29T20:03:34.637Z,2026-01-29T20:03:34.637Z
1529,BenchmarkTest01529,cmdi,false,78,2026-01-29T20:03:34.638Z,2026-01-29T20:03:34.638Z
1530,BenchmarkTest01530,cmdi,false,78,2026-01-29T20:03:34.639Z,2026-01-29T20:03:34.639Z
1531,BenchmarkTest01531,cmdi,true,78,2026-01-29T20:03:34.640Z,2026-01-29T20:03:34.640Z
1532,BenchmarkTest01532,cmdi,false,78,2026-01-29T20:03:34.641Z,2026-01-29T20:03:34.641Z
1533,BenchmarkTest01533,cmdi,true,78,2026-01-29T20:03:34.642Z,2026-01-29T20:03:34.642Z
1534,BenchmarkTest01534,weakrand,false,330,2026-01-29T20:03:34.643Z,2026-01-29T20:03:34.643Z
1535,BenchmarkTest01535,weakrand,false,330,2026-01-29T20:03:34.644Z,2026-01-29T20:03:34.644Z
1536,BenchmarkTest01536,weakrand,false,330,2026-01-29T20:03:34.645Z,2026-01-29T20:03:34.645Z
1537,BenchmarkTest01537,weakrand,false,330,2026-01-29T20:03:34.645Z,2026-01-29T20:03:34.645Z
1538,BenchmarkTest01538,weakrand,false,330,2026-01-29T20:03:34.646Z,2026-01-29T20:03:34.646Z
1539,BenchmarkTest01539,weakrand,false,330,2026-01-29T20:03:34.647Z,2026-01-29T20:03:34.647Z
1540,BenchmarkTest01540,weakrand,false,330,2026-01-29T20:03:34.648Z,2026-01-29T20:03:34.648Z
1541,BenchmarkTest01541,weakrand,false,330,2026-01-29T20:03:34.649Z,2026-01-29T20:03:34.649Z
1542,BenchmarkTest01542,weakrand,false,330,2026-01-29T20:03:34.650Z,2026-01-29T20:03:34.650Z
1543,BenchmarkTest01543,weakrand,false,330,2026-01-29T20:03:34.651Z,2026-01-29T20:03:34.651Z
1544,BenchmarkTest01544,weakrand,false,330,2026-01-29T20:03:34.651Z,2026-01-29T20:03:34.651Z
1545,BenchmarkTest01545,weakrand,false,330,2026-01-29T20:03:34.652Z,2026-01-29T20:03:34.652Z
1546,BenchmarkTest01546,trustbound,true,501,2026-01-29T20:03:34.653Z,2026-01-29T20:03:34.653Z
1547,BenchmarkTest01547,trustbound,true,501,2026-01-29T20:03:34.654Z,2026-01-29T20:03:34.654Z
1548,BenchmarkTest01548,trustbound,true,501,2026-01-29T20:03:34.655Z,2026-01-29T20:03:34.655Z
1549,BenchmarkTest01549,trustbound,true,501,2026-01-29T20:03:34.656Z,2026-01-29T20:03:34.656Z
1550,BenchmarkTest01550,trustbound,true,501,2026-01-29T20:03:34.657Z,2026-01-29T20:03:34.657Z
1551,BenchmarkTest01551,trustbound,true,501,2026-01-29T20:03:34.657Z,2026-01-29T20:03:34.657Z
1552,BenchmarkTest01552,sqli,true,89,2026-01-29T20:03:34.658Z,2026-01-29T20:03:34.658Z
1553,BenchmarkTest01553,sqli,false,89,2026-01-29T20:03:34.659Z,2026-01-29T20:03:34.659Z
1554,BenchmarkTest01554,sqli,true,89,2026-01-29T20:03:34.660Z,2026-01-29T20:03:34.660Z
1555,BenchmarkTest01555,sqli,false,89,2026-01-29T20:03:34.661Z,2026-01-29T20:03:34.661Z
1556,BenchmarkTest01556,sqli,false,89,2026-01-29T20:03:34.662Z,2026-01-29T20:03:34.662Z
1557,BenchmarkTest01557,sqli,true,89,2026-01-29T20:03:34.663Z,2026-01-29T20:03:34.663Z
1558,BenchmarkTest01558,sqli,true,89,2026-01-29T20:03:34.664Z,2026-01-29T20:03:34.664Z
1559,BenchmarkTest01559,sqli,true,89,2026-01-29T20:03:34.665Z,2026-01-29T20:03:34.665Z
1560,BenchmarkTest01560,sqli,true,89,2026-01-29T20:03:34.666Z,2026-01-29T20:03:34.666Z
1561,BenchmarkTest01561,xpathi,true,643,2026-01-29T20:03:34.667Z,2026-01-29T20:03:34.667Z
1562,BenchmarkTest01562,xpathi,false,643,2026-01-29T20:03:34.667Z,2026-01-29T20:03:34.667Z
1563,BenchmarkTest01563,crypto,false,327,2026-01-29T20:03:34.668Z,2026-01-29T20:03:34.668Z
1564,BenchmarkTest01564,crypto,false,327,2026-01-29T20:03:34.669Z,2026-01-29T20:03:34.669Z
1565,BenchmarkTest01565,crypto,true,327,2026-01-29T20:03:34.670Z,2026-01-29T20:03:34.670Z
1566,BenchmarkTest01566,crypto,true,327,2026-01-29T20:03:34.671Z,2026-01-29T20:03:34.671Z
1567,BenchmarkTest01567,crypto,false,327,2026-01-29T20:03:34.673Z,2026-01-29T20:03:34.673Z
1568,BenchmarkTest01568,ldapi,true,90,2026-01-29T20:03:34.674Z,2026-01-29T20:03:34.674Z
1569,BenchmarkTest01569,ldapi,false,90,2026-01-29T20:03:34.675Z,2026-01-29T20:03:34.675Z
1570,BenchmarkTest01570,pathtraver,false,22,2026-01-29T20:03:34.676Z,2026-01-29T20:03:34.676Z
1571,BenchmarkTest01571,pathtraver,true,22,2026-01-29T20:03:34.677Z,2026-01-29T20:03:34.677Z
1572,BenchmarkTest01572,pathtraver,true,22,2026-01-29T20:03:34.678Z,2026-01-29T20:03:34.678Z
1573,BenchmarkTest01573,pathtraver,false,22,2026-01-29T20:03:34.678Z,2026-01-29T20:03:34.678Z
1574,BenchmarkTest01574,pathtraver,false,22,2026-01-29T20:03:34.679Z,2026-01-29T20:03:34.679Z
1575,BenchmarkTest01575,weakrand,true,330,2026-01-29T20:03:34.680Z,2026-01-29T20:03:34.680Z
1576,BenchmarkTest01576,hash,false,328,2026-01-29T20:03:34.681Z,2026-01-29T20:03:34.681Z
1577,BenchmarkTest01577,hash,true,328,2026-01-29T20:03:34.681Z,2026-01-29T20:03:34.681Z
1578,BenchmarkTest01578,hash,false,328,2026-01-29T20:03:34.682Z,2026-01-29T20:03:34.682Z
1579,BenchmarkTest01579,hash,true,328,2026-01-29T20:03:34.683Z,2026-01-29T20:03:34.683Z
1580,BenchmarkTest01580,hash,true,328,2026-01-29T20:03:34.683Z,2026-01-29T20:03:34.683Z
1581,BenchmarkTest01581,hash,false,328,2026-01-29T20:03:34.684Z,2026-01-29T20:03:34.684Z
1582,BenchmarkTest01582,hash,false,328,2026-01-29T20:03:34.685Z,2026-01-29T20:03:34.685Z
1583,BenchmarkTest01583,xss,true,79,2026-01-29T20:03:34.685Z,2026-01-29T20:03:34.685Z
1584,BenchmarkTest01584,xss,true,79,2026-01-29T20:03:34.686Z,2026-01-29T20:03:34.686Z
1585,BenchmarkTest01585,xss,false,79,2026-01-29T20:03:34.690Z,2026-01-29T20:03:34.690Z
1586,BenchmarkTest01586,xss,false,79,2026-01-29T20:03:34.693Z,2026-01-29T20:03:34.693Z
1587,BenchmarkTest01587,xss,true,79,2026-01-29T20:03:34.697Z,2026-01-29T20:03:34.697Z
1588,BenchmarkTest01588,xss,false,79,2026-01-29T20:03:34.699Z,2026-01-29T20:03:34.699Z
1589,BenchmarkTest01589,xss,true,79,2026-01-29T20:03:34.702Z,2026-01-29T20:03:34.702Z
1590,BenchmarkTest01590,xss,true,79,2026-01-29T20:03:34.705Z,2026-01-29T20:03:34.705Z
1591,BenchmarkTest01591,xss,false,79,2026-01-29T20:03:34.707Z,2026-01-29T20:03:34.707Z
1592,BenchmarkTest01592,xss,true,79,2026-01-29T20:03:34.710Z,2026-01-29T20:03:34.710Z
1593,BenchmarkTest01593,xss,false,79,2026-01-29T20:03:34.712Z,2026-01-29T20:03:34.712Z
1594,BenchmarkTest01594,xss,true,79,2026-01-29T20:03:34.714Z,2026-01-29T20:03:34.714Z
1595,BenchmarkTest01595,xss,false,79,2026-01-29T20:03:34.715Z,2026-01-29T20:03:34.715Z
1596,BenchmarkTest01596,xss,true,79,2026-01-29T20:03:34.716Z,2026-01-29T20:03:34.716Z
1597,BenchmarkTest01597,xss,true,79,2026-01-29T20:03:34.717Z,2026-01-29T20:03:34.717Z
1598,BenchmarkTest01598,xss,true,79,2026-01-29T20:03:34.718Z,2026-01-29T20:03:34.718Z
1599,BenchmarkTest01599,xss,false,79,2026-01-29T20:03:34.719Z,2026-01-29T20:03:34.719Z
1600,BenchmarkTest01600,cmdi,false,78,2026-01-29T20:03:34.720Z,2026-01-29T20:03:34.720Z
1601,BenchmarkTest01601,cmdi,true,78,2026-01-29T20:03:34.721Z,2026-01-29T20:03:34.721Z
1602,BenchmarkTest01602,weakrand,true,330,2026-01-29T20:03:34.722Z,2026-01-29T20:03:34.722Z
1603,BenchmarkTest01603,weakrand,true,330,2026-01-29T20:03:34.722Z,2026-01-29T20:03:34.722Z
1604,BenchmarkTest01604,securecookie,false,614,2026-01-29T20:03:34.723Z,2026-01-29T20:03:34.723Z
1605,BenchmarkTest01605,securecookie,false,614,2026-01-29T20:03:34.724Z,2026-01-29T20:03:34.724Z
1606,BenchmarkTest01606,cmdi,false,78,2026-01-29T20:03:34.725Z,2026-01-29T20:03:34.725Z
1607,BenchmarkTest01607,cmdi,false,78,2026-01-29T20:03:34.726Z,2026-01-29T20:03:34.726Z
1608,BenchmarkTest01608,cmdi,false,78,2026-01-29T20:03:34.726Z,2026-01-29T20:03:34.726Z
1609,BenchmarkTest01609,cmdi,true,78,2026-01-29T20:03:34.727Z,2026-01-29T20:03:34.727Z
1610,BenchmarkTest01610,cmdi,true,78,2026-01-29T20:03:34.728Z,2026-01-29T20:03:34.728Z
1611,BenchmarkTest01611,weakrand,false,330,2026-01-29T20:03:34.729Z,2026-01-29T20:03:34.729Z
1612,BenchmarkTest01612,weakrand,false,330,2026-01-29T20:03:34.730Z,2026-01-29T20:03:34.730Z
1613,BenchmarkTest01613,weakrand,false,330,2026-01-29T20:03:34.731Z,2026-01-29T20:03:34.731Z
1614,BenchmarkTest01614,weakrand,false,330,2026-01-29T20:03:34.732Z,2026-01-29T20:03:34.732Z
1615,BenchmarkTest01615,trustbound,true,501,2026-01-29T20:03:34.733Z,2026-01-29T20:03:34.733Z
1616,BenchmarkTest01616,trustbound,true,501,2026-01-29T20:03:34.734Z,2026-01-29T20:03:34.734Z
1617,BenchmarkTest01617,trustbound,true,501,2026-01-29T20:03:34.734Z,2026-01-29T20:03:34.734Z
1618,BenchmarkTest01618,trustbound,true,501,2026-01-29T20:03:34.738Z,2026-01-29T20:03:34.738Z
1619,BenchmarkTest01619,trustbound,true,501,2026-01-29T20:03:34.739Z,2026-01-29T20:03:34.739Z
1620,BenchmarkTest01620,sqli,true,89,2026-01-29T20:03:34.740Z,2026-01-29T20:03:34.740Z
1621,BenchmarkTest01621,sqli,true,89,2026-01-29T20:03:34.741Z,2026-01-29T20:03:34.741Z
1622,BenchmarkTest01622,sqli,false,89,2026-01-29T20:03:34.743Z,2026-01-29T20:03:34.743Z
1623,BenchmarkTest01623,sqli,true,89,2026-01-29T20:03:34.744Z,2026-01-29T20:03:34.744Z
1624,BenchmarkTest01624,sqli,true,89,2026-01-29T20:03:34.745Z,2026-01-29T20:03:34.745Z
1625,BenchmarkTest01625,sqli,true,89,2026-01-29T20:03:34.745Z,2026-01-29T20:03:34.745Z
1626,BenchmarkTest01626,sqli,true,89,2026-01-29T20:03:34.746Z,2026-01-29T20:03:34.746Z
1627,BenchmarkTest01627,sqli,true,89,2026-01-29T20:03:34.747Z,2026-01-29T20:03:34.747Z
1628,BenchmarkTest01628,sqli,false,89,2026-01-29T20:03:34.748Z,2026-01-29T20:03:34.748Z
1629,BenchmarkTest01629,sqli,false,89,2026-01-29T20:03:34.749Z,2026-01-29T20:03:34.749Z
1630,BenchmarkTest01630,sqli,true,89,2026-01-29T20:03:34.750Z,2026-01-29T20:03:34.750Z
1631,BenchmarkTest01631,sqli,true,89,2026-01-29T20:03:34.751Z,2026-01-29T20:03:34.751Z
1632,BenchmarkTest01632,xpathi,false,643,2026-01-29T20:03:34.751Z,2026-01-29T20:03:34.751Z
1633,BenchmarkTest01633,xpathi,false,643,2026-01-29T20:03:34.752Z,2026-01-29T20:03:34.752Z
1634,BenchmarkTest01634,crypto,true,327,2026-01-29T20:03:34.753Z,2026-01-29T20:03:34.753Z
1635,BenchmarkTest01635,crypto,false,327,2026-01-29T20:03:34.754Z,2026-01-29T20:03:34.754Z
1636,BenchmarkTest01636,crypto,false,327,2026-01-29T20:03:34.754Z,2026-01-29T20:03:34.754Z
1637,BenchmarkTest01637,crypto,true,327,2026-01-29T20:03:34.755Z,2026-01-29T20:03:34.755Z
1638,BenchmarkTest01638,crypto,true,327,2026-01-29T20:03:34.756Z,2026-01-29T20:03:34.756Z
1639,BenchmarkTest01639,crypto,true,327,2026-01-29T20:03:34.757Z,2026-01-29T20:03:34.757Z
1640,BenchmarkTest01640,crypto,false,327,2026-01-29T20:03:34.758Z,2026-01-29T20:03:34.758Z
1641,BenchmarkTest01641,crypto,true,327,2026-01-29T20:03:34.759Z,2026-01-29T20:03:34.759Z
1642,BenchmarkTest01642,pathtraver,true,22,2026-01-29T20:03:34.760Z,2026-01-29T20:03:34.760Z
1643,BenchmarkTest01643,pathtraver,true,22,2026-01-29T20:03:34.761Z,2026-01-29T20:03:34.761Z
1644,BenchmarkTest01644,pathtraver,false,22,2026-01-29T20:03:34.762Z,2026-01-29T20:03:34.762Z
1645,BenchmarkTest01645,pathtraver,true,22,2026-01-29T20:03:34.763Z,2026-01-29T20:03:34.763Z
1646,BenchmarkTest01646,pathtraver,false,22,2026-01-29T20:03:34.764Z,2026-01-29T20:03:34.764Z
1647,BenchmarkTest01647,pathtraver,true,22,2026-01-29T20:03:34.765Z,2026-01-29T20:03:34.765Z
1648,BenchmarkTest01648,weakrand,true,330,2026-01-29T20:03:34.766Z,2026-01-29T20:03:34.766Z
1649,BenchmarkTest01649,hash,true,328,2026-01-29T20:03:34.766Z,2026-01-29T20:03:34.766Z
1650,BenchmarkTest01650,hash,true,328,2026-01-29T20:03:34.767Z,2026-01-29T20:03:34.767Z
1651,BenchmarkTest01651,hash,true,328,2026-01-29T20:03:34.768Z,2026-01-29T20:03:34.768Z
1652,BenchmarkTest01652,hash,false,328,2026-01-29T20:03:34.768Z,2026-01-29T20:03:34.768Z
1653,BenchmarkTest01653,hash,true,328,2026-01-29T20:03:34.769Z,2026-01-29T20:03:34.769Z
1654,BenchmarkTest01654,hash,true,328,2026-01-29T20:03:34.770Z,2026-01-29T20:03:34.770Z
1655,BenchmarkTest01655,hash,false,328,2026-01-29T20:03:34.770Z,2026-01-29T20:03:34.770Z
1656,BenchmarkTest01656,hash,false,328,2026-01-29T20:03:34.771Z,2026-01-29T20:03:34.771Z
1657,BenchmarkTest01657,xss,true,79,2026-01-29T20:03:34.772Z,2026-01-29T20:03:34.772Z
1658,BenchmarkTest01658,xss,true,79,2026-01-29T20:03:34.773Z,2026-01-29T20:03:34.773Z
1659,BenchmarkTest01659,xss,false,79,2026-01-29T20:03:34.773Z,2026-01-29T20:03:34.773Z
1660,BenchmarkTest01660,xss,true,79,2026-01-29T20:03:34.774Z,2026-01-29T20:03:34.774Z
1661,BenchmarkTest01661,xss,false,79,2026-01-29T20:03:34.775Z,2026-01-29T20:03:34.775Z
1662,BenchmarkTest01662,xss,true,79,2026-01-29T20:03:34.776Z,2026-01-29T20:03:34.776Z
1663,BenchmarkTest01663,xss,false,79,2026-01-29T20:03:34.776Z,2026-01-29T20:03:34.776Z
1664,BenchmarkTest01664,xss,false,79,2026-01-29T20:03:34.777Z,2026-01-29T20:03:34.777Z
1665,BenchmarkTest01665,xss,true,79,2026-01-29T20:03:34.778Z,2026-01-29T20:03:34.778Z
1666,BenchmarkTest01666,xss,true,79,2026-01-29T20:03:34.778Z,2026-01-29T20:03:34.778Z
1667,BenchmarkTest01667,xss,true,79,2026-01-29T20:03:34.779Z,2026-01-29T20:03:34.779Z
1668,BenchmarkTest01668,xss,false,79,2026-01-29T20:03:34.780Z,2026-01-29T20:03:34.780Z
1669,BenchmarkTest01669,xss,false,79,2026-01-29T20:03:34.782Z,2026-01-29T20:03:34.782Z
1670,BenchmarkTest01670,xss,true,79,2026-01-29T20:03:34.783Z,2026-01-29T20:03:34.783Z
1671,BenchmarkTest01671,xss,false,79,2026-01-29T20:03:34.784Z,2026-01-29T20:03:34.784Z
1672,BenchmarkTest01672,cmdi,false,78,2026-01-29T20:03:34.785Z,2026-01-29T20:03:34.785Z
1673,BenchmarkTest01673,cmdi,true,78,2026-01-29T20:03:34.786Z,2026-01-29T20:03:34.786Z
1674,BenchmarkTest01674,cmdi,true,78,2026-01-29T20:03:34.786Z,2026-01-29T20:03:34.786Z
1675,BenchmarkTest01675,weakrand,true,330,2026-01-29T20:03:34.787Z,2026-01-29T20:03:34.787Z
1676,BenchmarkTest01676,weakrand,true,330,2026-01-29T20:03:34.788Z,2026-01-29T20:03:34.788Z
1677,BenchmarkTest01677,weakrand,true,330,2026-01-29T20:03:34.789Z,2026-01-29T20:03:34.789Z
1678,BenchmarkTest01678,weakrand,true,330,2026-01-29T20:03:34.789Z,2026-01-29T20:03:34.789Z
1679,BenchmarkTest01679,weakrand,true,330,2026-01-29T20:03:34.790Z,2026-01-29T20:03:34.790Z
1680,BenchmarkTest01680,weakrand,true,330,2026-01-29T20:03:34.791Z,2026-01-29T20:03:34.791Z
1681,BenchmarkTest01681,weakrand,true,330,2026-01-29T20:03:34.792Z,2026-01-29T20:03:34.792Z
1682,BenchmarkTest01682,securecookie,true,614,2026-01-29T20:03:34.792Z,2026-01-29T20:03:34.792Z
1683,BenchmarkTest01683,securecookie,true,614,2026-01-29T20:03:34.793Z,2026-01-29T20:03:34.793Z
1684,BenchmarkTest01684,securecookie,false,614,2026-01-29T20:03:34.794Z,2026-01-29T20:03:34.794Z
1685,BenchmarkTest01685,cmdi,true,78,2026-01-29T20:03:34.795Z,2026-01-29T20:03:34.795Z
1686,BenchmarkTest01686,cmdi,false,78,2026-01-29T20:03:34.796Z,2026-01-29T20:03:34.796Z
1687,BenchmarkTest01687,cmdi,false,78,2026-01-29T20:03:34.797Z,2026-01-29T20:03:34.797Z
1688,BenchmarkTest01688,cmdi,false,78,2026-01-29T20:03:34.799Z,2026-01-29T20:03:34.799Z
1689,BenchmarkTest01689,cmdi,true,78,2026-01-29T20:03:34.800Z,2026-01-29T20:03:34.800Z
1690,BenchmarkTest01690,cmdi,true,78,2026-01-29T20:03:34.801Z,2026-01-29T20:03:34.801Z
1691,BenchmarkTest01691,cmdi,true,78,2026-01-29T20:03:34.802Z,2026-01-29T20:03:34.802Z
1692,BenchmarkTest01692,cmdi,false,78,2026-01-29T20:03:34.803Z,2026-01-29T20:03:34.803Z
1693,BenchmarkTest01693,cmdi,false,78,2026-01-29T20:03:34.804Z,2026-01-29T20:03:34.804Z
1694,BenchmarkTest01694,weakrand,false,330,2026-01-29T20:03:34.805Z,2026-01-29T20:03:34.805Z
1695,BenchmarkTest01695,weakrand,false,330,2026-01-29T20:03:34.806Z,2026-01-29T20:03:34.806Z
1696,BenchmarkTest01696,weakrand,false,330,2026-01-29T20:03:34.807Z,2026-01-29T20:03:34.807Z
1697,BenchmarkTest01697,weakrand,false,330,2026-01-29T20:03:34.808Z,2026-01-29T20:03:34.808Z
1698,BenchmarkTest01698,weakrand,false,330,2026-01-29T20:03:34.809Z,2026-01-29T20:03:34.809Z
1699,BenchmarkTest01699,weakrand,false,330,2026-01-29T20:03:34.810Z,2026-01-29T20:03:34.810Z
1700,BenchmarkTest01700,weakrand,false,330,2026-01-29T20:03:34.811Z,2026-01-29T20:03:34.811Z
1701,BenchmarkTest01701,weakrand,false,330,2026-01-29T20:03:34.811Z,2026-01-29T20:03:34.811Z
1702,BenchmarkTest01702,weakrand,false,330,2026-01-29T20:03:34.812Z,2026-01-29T20:03:34.812Z
1703,BenchmarkTest01703,weakrand,false,330,2026-01-29T20:03:34.813Z,2026-01-29T20:03:34.813Z
1704,BenchmarkTest01704,weakrand,false,330,2026-01-29T20:03:34.814Z,2026-01-29T20:03:34.814Z
1705,BenchmarkTest01705,weakrand,false,330,2026-01-29T20:03:34.815Z,2026-01-29T20:03:34.815Z
1706,BenchmarkTest01706,weakrand,false,330,2026-01-29T20:03:34.816Z,2026-01-29T20:03:34.816Z
1707,BenchmarkTest01707,weakrand,false,330,2026-01-29T20:03:34.817Z,2026-01-29T20:03:34.817Z
1708,BenchmarkTest01708,trustbound,true,501,2026-01-29T20:03:34.818Z,2026-01-29T20:03:34.818Z
1709,BenchmarkTest01709,trustbound,true,501,2026-01-29T20:03:34.820Z,2026-01-29T20:03:34.820Z
1710,BenchmarkTest01710,trustbound,true,501,2026-01-29T20:03:34.821Z,2026-01-29T20:03:34.821Z
1711,BenchmarkTest01711,trustbound,true,501,2026-01-29T20:03:34.822Z,2026-01-29T20:03:34.822Z
1712,BenchmarkTest01712,sqli,true,89,2026-01-29T20:03:34.823Z,2026-01-29T20:03:34.823Z
1713,BenchmarkTest01713,sqli,false,89,2026-01-29T20:03:34.824Z,2026-01-29T20:03:34.824Z
1714,BenchmarkTest01714,sqli,false,89,2026-01-29T20:03:34.824Z,2026-01-29T20:03:34.824Z
1715,BenchmarkTest01715,sqli,true,89,2026-01-29T20:03:34.825Z,2026-01-29T20:03:34.825Z
1716,BenchmarkTest01716,sqli,true,89,2026-01-29T20:03:34.826Z,2026-01-29T20:03:34.826Z
1717,BenchmarkTest01717,sqli,false,89,2026-01-29T20:03:34.827Z,2026-01-29T20:03:34.827Z
1718,BenchmarkTest01718,sqli,true,89,2026-01-29T20:03:34.828Z,2026-01-29T20:03:34.828Z
1719,BenchmarkTest01719,sqli,false,89,2026-01-29T20:03:34.829Z,2026-01-29T20:03:34.829Z
1720,BenchmarkTest01720,sqli,true,89,2026-01-29T20:03:34.832Z,2026-01-29T20:03:34.832Z
1721,BenchmarkTest01721,sqli,true,89,2026-01-29T20:03:34.834Z,2026-01-29T20:03:34.834Z
1722,BenchmarkTest01722,sqli,false,89,2026-01-29T20:03:34.835Z,2026-01-29T20:03:34.835Z
1723,BenchmarkTest01723,sqli,true,89,2026-01-29T20:03:34.837Z,2026-01-29T20:03:34.837Z
1724,BenchmarkTest01724,sqli,true,89,2026-01-29T20:03:34.838Z,2026-01-29T20:03:34.838Z
1725,BenchmarkTest01725,sqli,true,89,2026-01-29T20:03:34.839Z,2026-01-29T20:03:34.839Z
1726,BenchmarkTest01726,sqli,true,89,2026-01-29T20:03:34.840Z,2026-01-29T20:03:34.840Z
1727,BenchmarkTest01727,sqli,true,89,2026-01-29T20:03:34.841Z,2026-01-29T20:03:34.841Z
1728,BenchmarkTest01728,sqli,true,89,2026-01-29T20:03:34.842Z,2026-01-29T20:03:34.842Z
1729,BenchmarkTest01729,sqli,false,89,2026-01-29T20:03:34.842Z,2026-01-29T20:03:34.842Z
1730,BenchmarkTest01730,sqli,true,89,2026-01-29T20:03:34.843Z,2026-01-29T20:03:34.843Z
1731,BenchmarkTest01731,sqli,true,89,2026-01-29T20:03:34.844Z,2026-01-29T20:03:34.844Z
1732,BenchmarkTest01732,sqli,false,89,2026-01-29T20:03:34.845Z,2026-01-29T20:03:34.845Z
1733,BenchmarkTest01733,sqli,true,89,2026-01-29T20:03:34.845Z,2026-01-29T20:03:34.845Z
1734,BenchmarkTest01734,xpathi,true,643,2026-01-29T20:03:34.846Z,2026-01-29T20:03:34.846Z
1735,BenchmarkTest01735,xpathi,false,643,2026-01-29T20:03:34.847Z,2026-01-29T20:03:34.847Z
1736,BenchmarkTest01736,xpathi,true,643,2026-01-29T20:03:34.848Z,2026-01-29T20:03:34.848Z
1737,BenchmarkTest01737,crypto,false,327,2026-01-29T20:03:34.849Z,2026-01-29T20:03:34.849Z
1738,BenchmarkTest01738,crypto,false,327,2026-01-29T20:03:34.849Z,2026-01-29T20:03:34.849Z
1739,BenchmarkTest01739,crypto,false,327,2026-01-29T20:03:34.850Z,2026-01-29T20:03:34.850Z
1740,BenchmarkTest01740,crypto,true,327,2026-01-29T20:03:34.851Z,2026-01-29T20:03:34.851Z
1741,BenchmarkTest01741,crypto,true,327,2026-01-29T20:03:34.852Z,2026-01-29T20:03:34.852Z
1742,BenchmarkTest01742,crypto,true,327,2026-01-29T20:03:34.853Z,2026-01-29T20:03:34.853Z
1743,BenchmarkTest01743,ldapi,false,90,2026-01-29T20:03:34.854Z,2026-01-29T20:03:34.854Z
1744,BenchmarkTest01744,pathtraver,false,22,2026-01-29T20:03:34.854Z,2026-01-29T20:03:34.854Z
1745,BenchmarkTest01745,pathtraver,false,22,2026-01-29T20:03:34.855Z,2026-01-29T20:03:34.855Z
1746,BenchmarkTest01746,pathtraver,false,22,2026-01-29T20:03:34.856Z,2026-01-29T20:03:34.856Z
1747,BenchmarkTest01747,pathtraver,false,22,2026-01-29T20:03:34.857Z,2026-01-29T20:03:34.857Z
1748,BenchmarkTest01748,pathtraver,false,22,2026-01-29T20:03:34.858Z,2026-01-29T20:03:34.858Z
1749,BenchmarkTest01749,pathtraver,false,22,2026-01-29T20:03:34.859Z,2026-01-29T20:03:34.859Z
1750,BenchmarkTest01750,pathtraver,false,22,2026-01-29T20:03:34.860Z,2026-01-29T20:03:34.860Z
1751,BenchmarkTest01751,pathtraver,false,22,2026-01-29T20:03:34.861Z,2026-01-29T20:03:34.861Z
1752,BenchmarkTest01752,pathtraver,false,22,2026-01-29T20:03:34.862Z,2026-01-29T20:03:34.862Z
1753,BenchmarkTest01753,ldapi,false,90,2026-01-29T20:03:34.863Z,2026-01-29T20:03:34.863Z
1754,BenchmarkTest01754,ldapi,false,90,2026-01-29T20:03:34.864Z,2026-01-29T20:03:34.864Z
1755,BenchmarkTest01755,ldapi,false,90,2026-01-29T20:03:34.865Z,2026-01-29T20:03:34.865Z
1756,BenchmarkTest01756,ldapi,false,90,2026-01-29T20:03:34.866Z,2026-01-29T20:03:34.866Z
1757,BenchmarkTest01757,hash,true,328,2026-01-29T20:03:34.867Z,2026-01-29T20:03:34.867Z
1758,BenchmarkTest01758,hash,false,328,2026-01-29T20:03:34.868Z,2026-01-29T20:03:34.868Z
1759,BenchmarkTest01759,hash,false,328,2026-01-29T20:03:34.869Z,2026-01-29T20:03:34.869Z
1760,BenchmarkTest01760,hash,false,328,2026-01-29T20:03:34.870Z,2026-01-29T20:03:34.870Z
1761,BenchmarkTest01761,hash,true,328,2026-01-29T20:03:34.871Z,2026-01-29T20:03:34.871Z
1762,BenchmarkTest01762,hash,false,328,2026-01-29T20:03:34.872Z,2026-01-29T20:03:34.872Z
1763,BenchmarkTest01763,hash,false,328,2026-01-29T20:03:34.873Z,2026-01-29T20:03:34.873Z
1764,BenchmarkTest01764,hash,false,328,2026-01-29T20:03:34.874Z,2026-01-29T20:03:34.874Z
1765,BenchmarkTest01765,hash,true,328,2026-01-29T20:03:34.875Z,2026-01-29T20:03:34.875Z
1766,BenchmarkTest01766,hash,true,328,2026-01-29T20:03:34.876Z,2026-01-29T20:03:34.876Z
1767,BenchmarkTest01767,xss,false,79,2026-01-29T20:03:34.877Z,2026-01-29T20:03:34.877Z
1768,BenchmarkTest01768,xss,false,79,2026-01-29T20:03:34.878Z,2026-01-29T20:03:34.878Z
1769,BenchmarkTest01769,xss,false,79,2026-01-29T20:03:34.878Z,2026-01-29T20:03:34.878Z
1770,BenchmarkTest01770,xss,false,79,2026-01-29T20:03:34.879Z,2026-01-29T20:03:34.879Z
1771,BenchmarkTest01771,xss,false,79,2026-01-29T20:03:34.882Z,2026-01-29T20:03:34.882Z
1772,BenchmarkTest01772,xss,false,79,2026-01-29T20:03:34.883Z,2026-01-29T20:03:34.883Z
1773,BenchmarkTest01773,xss,false,79,2026-01-29T20:03:34.884Z,2026-01-29T20:03:34.884Z
1774,BenchmarkTest01774,xss,false,79,2026-01-29T20:03:34.885Z,2026-01-29T20:03:34.885Z
1775,BenchmarkTest01775,xss,false,79,2026-01-29T20:03:34.886Z,2026-01-29T20:03:34.886Z
1776,BenchmarkTest01776,xss,false,79,2026-01-29T20:03:34.887Z,2026-01-29T20:03:34.887Z
1777,BenchmarkTest01777,xss,false,79,2026-01-29T20:03:34.888Z,2026-01-29T20:03:34.888Z
1778,BenchmarkTest01778,cmdi,false,78,2026-01-29T20:03:34.890Z,2026-01-29T20:03:34.890Z
1779,BenchmarkTest01779,cmdi,false,78,2026-01-29T20:03:34.891Z,2026-01-29T20:03:34.891Z
1780,BenchmarkTest01780,cmdi,false,78,2026-01-29T20:03:34.891Z,2026-01-29T20:03:34.891Z
1781,BenchmarkTest01781,weakrand,true,330,2026-01-29T20:03:34.892Z,2026-01-29T20:03:34.892Z
1782,BenchmarkTest01782,weakrand,true,330,2026-01-29T20:03:34.893Z,2026-01-29T20:03:34.893Z
1783,BenchmarkTest01783,weakrand,true,330,2026-01-29T20:03:34.894Z,2026-01-29T20:03:34.894Z
1784,BenchmarkTest01784,weakrand,true,330,2026-01-29T20:03:34.895Z,2026-01-29T20:03:34.895Z
1785,BenchmarkTest01785,weakrand,true,330,2026-01-29T20:03:34.896Z,2026-01-29T20:03:34.896Z
1786,BenchmarkTest01786,weakrand,true,330,2026-01-29T20:03:34.897Z,2026-01-29T20:03:34.897Z
1787,BenchmarkTest01787,weakrand,true,330,2026-01-29T20:03:34.898Z,2026-01-29T20:03:34.898Z
1788,BenchmarkTest01788,weakrand,true,330,2026-01-29T20:03:34.899Z,2026-01-29T20:03:34.899Z
1789,BenchmarkTest01789,securecookie,true,614,2026-01-29T20:03:34.900Z,2026-01-29T20:03:34.900Z
1790,BenchmarkTest01790,xss,false,79,2026-01-29T20:03:34.900Z,2026-01-29T20:03:34.900Z
1791,BenchmarkTest01791,cmdi,false,78,2026-01-29T20:03:34.901Z,2026-01-29T20:03:34.901Z
1792,BenchmarkTest01792,cmdi,false,78,2026-01-29T20:03:34.902Z,2026-01-29T20:03:34.902Z
1793,BenchmarkTest01793,cmdi,false,78,2026-01-29T20:03:34.903Z,2026-01-29T20:03:34.903Z
1794,BenchmarkTest01794,cmdi,false,78,2026-01-29T20:03:34.904Z,2026-01-29T20:03:34.904Z
1795,BenchmarkTest01795,cmdi,false,78,2026-01-29T20:03:34.905Z,2026-01-29T20:03:34.905Z
1796,BenchmarkTest01796,cmdi,false,78,2026-01-29T20:03:34.906Z,2026-01-29T20:03:34.906Z
1797,BenchmarkTest01797,weakrand,false,330,2026-01-29T20:03:34.907Z,2026-01-29T20:03:34.907Z
1798,BenchmarkTest01798,weakrand,false,330,2026-01-29T20:03:34.907Z,2026-01-29T20:03:34.907Z
1799,BenchmarkTest01799,weakrand,false,330,2026-01-29T20:03:34.908Z,2026-01-29T20:03:34.908Z
1800,BenchmarkTest01800,weakrand,false,330,2026-01-29T20:03:34.909Z,2026-01-29T20:03:34.909Z
1801,BenchmarkTest01801,weakrand,false,330,2026-01-29T20:03:34.910Z,2026-01-29T20:03:34.910Z
1802,BenchmarkTest01802,trustbound,false,501,2026-01-29T20:03:34.911Z,2026-01-29T20:03:34.911Z
1803,BenchmarkTest01803,sqli,false,89,2026-01-29T20:03:34.912Z,2026-01-29T20:03:34.912Z
1804,BenchmarkTest01804,sqli,false,89,2026-01-29T20:03:34.913Z,2026-01-29T20:03:34.913Z
1805,BenchmarkTest01805,sqli,false,89,2026-01-29T20:03:34.914Z,2026-01-29T20:03:34.914Z
1806,BenchmarkTest01806,sqli,false,89,2026-01-29T20:03:34.914Z,2026-01-29T20:03:34.914Z
1807,BenchmarkTest01807,sqli,false,89,2026-01-29T20:03:34.915Z,2026-01-29T20:03:34.915Z
1808,BenchmarkTest01808,sqli,false,89,2026-01-29T20:03:34.916Z,2026-01-29T20:03:34.916Z
1809,BenchmarkTest01809,sqli,false,89,2026-01-29T20:03:34.917Z,2026-01-29T20:03:34.917Z
1810,BenchmarkTest01810,sqli,false,89,2026-01-29T20:03:34.918Z,2026-01-29T20:03:34.918Z
1811,BenchmarkTest01811,sqli,false,89,2026-01-29T20:03:34.919Z,2026-01-29T20:03:34.919Z
1812,BenchmarkTest01812,sqli,false,89,2026-01-29T20:03:34.919Z,2026-01-29T20:03:34.919Z
1813,BenchmarkTest01813,sqli,false,89,2026-01-29T20:03:34.920Z,2026-01-29T20:03:34.920Z
1814,BenchmarkTest01814,sqli,false,89,2026-01-29T20:03:34.921Z,2026-01-29T20:03:34.921Z
1815,BenchmarkTest01815,sqli,false,89,2026-01-29T20:03:34.922Z,2026-01-29T20:03:34.922Z
1816,BenchmarkTest01816,sqli,false,89,2026-01-29T20:03:34.922Z,2026-01-29T20:03:34.922Z
1817,BenchmarkTest01817,sqli,false,89,2026-01-29T20:03:34.923Z,2026-01-29T20:03:34.923Z
1818,BenchmarkTest01818,sqli,false,89,2026-01-29T20:03:34.924Z,2026-01-29T20:03:34.924Z
1819,BenchmarkTest01819,sqli,false,89,2026-01-29T20:03:34.924Z,2026-01-29T20:03:34.924Z
1820,BenchmarkTest01820,sqli,false,89,2026-01-29T20:03:34.925Z,2026-01-29T20:03:34.925Z
1821,BenchmarkTest01821,xpathi,false,643,2026-01-29T20:03:34.926Z,2026-01-29T20:03:34.926Z
1822,BenchmarkTest01822,crypto,true,327,2026-01-29T20:03:34.929Z,2026-01-29T20:03:34.929Z
1823,BenchmarkTest01823,crypto,true,327,2026-01-29T20:03:34.930Z,2026-01-29T20:03:34.930Z
1824,BenchmarkTest01824,crypto,false,327,2026-01-29T20:03:34.931Z,2026-01-29T20:03:34.931Z
1825,BenchmarkTest01825,crypto,false,327,2026-01-29T20:03:34.932Z,2026-01-29T20:03:34.932Z
1826,BenchmarkTest01826,crypto,false,327,2026-01-29T20:03:34.932Z,2026-01-29T20:03:34.932Z
1827,BenchmarkTest01827,crypto,false,327,2026-01-29T20:03:34.933Z,2026-01-29T20:03:34.933Z
1828,BenchmarkTest01828,crypto,false,327,2026-01-29T20:03:34.934Z,2026-01-29T20:03:34.934Z
1829,BenchmarkTest01829,crypto,true,327,2026-01-29T20:03:34.935Z,2026-01-29T20:03:34.935Z
1830,BenchmarkTest01830,crypto,true,327,2026-01-29T20:03:34.936Z,2026-01-29T20:03:34.936Z
1831,BenchmarkTest01831,ldapi,true,90,2026-01-29T20:03:34.937Z,2026-01-29T20:03:34.937Z
1832,BenchmarkTest01832,ldapi,true,90,2026-01-29T20:03:34.938Z,2026-01-29T20:03:34.938Z
1833,BenchmarkTest01833,pathtraver,true,22,2026-01-29T20:03:34.939Z,2026-01-29T20:03:34.939Z
1834,BenchmarkTest01834,pathtraver,false,22,2026-01-29T20:03:34.940Z,2026-01-29T20:03:34.940Z
1835,BenchmarkTest01835,pathtraver,true,22,2026-01-29T20:03:34.941Z,2026-01-29T20:03:34.941Z
1836,BenchmarkTest01836,pathtraver,true,22,2026-01-29T20:03:34.942Z,2026-01-29T20:03:34.942Z
1837,BenchmarkTest01837,pathtraver,false,22,2026-01-29T20:03:34.943Z,2026-01-29T20:03:34.943Z
1838,BenchmarkTest01838,pathtraver,false,22,2026-01-29T20:03:34.944Z,2026-01-29T20:03:34.944Z
1839,BenchmarkTest01839,pathtraver,true,22,2026-01-29T20:03:34.945Z,2026-01-29T20:03:34.945Z
1840,BenchmarkTest01840,pathtraver,true,22,2026-01-29T20:03:34.946Z,2026-01-29T20:03:34.946Z
1841,BenchmarkTest01841,pathtraver,false,22,2026-01-29T20:03:34.946Z,2026-01-29T20:03:34.946Z
1842,BenchmarkTest01842,weakrand,true,330,2026-01-29T20:03:34.947Z,2026-01-29T20:03:34.947Z
1843,BenchmarkTest01843,weakrand,true,330,2026-01-29T20:03:34.948Z,2026-01-29T20:03:34.948Z
1844,BenchmarkTest01844,hash,true,328,2026-01-29T20:03:34.949Z,2026-01-29T20:03:34.949Z
1845,BenchmarkTest01845,hash,true,328,2026-01-29T20:03:34.950Z,2026-01-29T20:03:34.950Z
1846,BenchmarkTest01846,hash,true,328,2026-01-29T20:03:34.951Z,2026-01-29T20:03:34.951Z
1847,BenchmarkTest01847,hash,false,328,2026-01-29T20:03:34.951Z,2026-01-29T20:03:34.951Z
1848,BenchmarkTest01848,hash,false,328,2026-01-29T20:03:34.952Z,2026-01-29T20:03:34.952Z
1849,BenchmarkTest01849,hash,false,328,2026-01-29T20:03:34.953Z,2026-01-29T20:03:34.953Z
1850,BenchmarkTest01850,cmdi,true,78,2026-01-29T20:03:34.954Z,2026-01-29T20:03:34.954Z
1851,BenchmarkTest01851,cmdi,true,78,2026-01-29T20:03:34.954Z,2026-01-29T20:03:34.954Z
1852,BenchmarkTest01852,cmdi,true,78,2026-01-29T20:03:34.955Z,2026-01-29T20:03:34.955Z
1853,BenchmarkTest01853,weakrand,true,330,2026-01-29T20:03:34.956Z,2026-01-29T20:03:34.956Z
1854,BenchmarkTest01854,weakrand,true,330,2026-01-29T20:03:34.957Z,2026-01-29T20:03:34.957Z
1855,BenchmarkTest01855,weakrand,true,330,2026-01-29T20:03:34.957Z,2026-01-29T20:03:34.957Z
1856,BenchmarkTest01856,weakrand,true,330,2026-01-29T20:03:34.958Z,2026-01-29T20:03:34.958Z
1857,BenchmarkTest01857,weakrand,true,330,2026-01-29T20:03:34.959Z,2026-01-29T20:03:34.959Z
1858,BenchmarkTest01858,weakrand,true,330,2026-01-29T20:03:34.960Z,2026-01-29T20:03:34.960Z
1859,BenchmarkTest01859,weakrand,true,330,2026-01-29T20:03:34.961Z,2026-01-29T20:03:34.961Z
1860,BenchmarkTest01860,weakrand,true,330,2026-01-29T20:03:34.962Z,2026-01-29T20:03:34.962Z
1861,BenchmarkTest01861,securecookie,true,614,2026-01-29T20:03:34.962Z,2026-01-29T20:03:34.962Z
1862,BenchmarkTest01862,securecookie,false,614,2026-01-29T20:03:34.963Z,2026-01-29T20:03:34.963Z
1863,BenchmarkTest01863,securecookie,false,614,2026-01-29T20:03:34.964Z,2026-01-29T20:03:34.964Z
1864,BenchmarkTest01864,cmdi,true,78,2026-01-29T20:03:34.965Z,2026-01-29T20:03:34.965Z
1865,BenchmarkTest01865,cmdi,false,78,2026-01-29T20:03:34.966Z,2026-01-29T20:03:34.966Z
1866,BenchmarkTest01866,weakrand,false,330,2026-01-29T20:03:34.967Z,2026-01-29T20:03:34.967Z
1867,BenchmarkTest01867,weakrand,false,330,2026-01-29T20:03:34.968Z,2026-01-29T20:03:34.968Z
1868,BenchmarkTest01868,weakrand,false,330,2026-01-29T20:03:34.969Z,2026-01-29T20:03:34.969Z
1869,BenchmarkTest01869,weakrand,false,330,2026-01-29T20:03:34.970Z,2026-01-29T20:03:34.970Z
1870,BenchmarkTest01870,weakrand,false,330,2026-01-29T20:03:34.971Z,2026-01-29T20:03:34.971Z
1871,BenchmarkTest01871,weakrand,false,330,2026-01-29T20:03:34.972Z,2026-01-29T20:03:34.972Z
1872,BenchmarkTest01872,trustbound,true,501,2026-01-29T20:03:34.973Z,2026-01-29T20:03:34.973Z
1873,BenchmarkTest01873,trustbound,false,501,2026-01-29T20:03:34.976Z,2026-01-29T20:03:34.976Z
1874,BenchmarkTest01874,trustbound,true,501,2026-01-29T20:03:34.977Z,2026-01-29T20:03:34.977Z
1875,BenchmarkTest01875,trustbound,true,501,2026-01-29T20:03:34.978Z,2026-01-29T20:03:34.978Z
1876,BenchmarkTest01876,trustbound,true,501,2026-01-29T20:03:34.979Z,2026-01-29T20:03:34.979Z
1877,BenchmarkTest01877,sqli,false,89,2026-01-29T20:03:34.980Z,2026-01-29T20:03:34.980Z
1878,BenchmarkTest01878,sqli,false,89,2026-01-29T20:03:34.980Z,2026-01-29T20:03:34.980Z
1879,BenchmarkTest01879,sqli,false,89,2026-01-29T20:03:34.981Z,2026-01-29T20:03:34.981Z
1880,BenchmarkTest01880,sqli,false,89,2026-01-29T20:03:34.982Z,2026-01-29T20:03:34.982Z
1881,BenchmarkTest01881,sqli,true,89,2026-01-29T20:03:34.984Z,2026-01-29T20:03:34.984Z
1882,BenchmarkTest01882,sqli,true,89,2026-01-29T20:03:34.985Z,2026-01-29T20:03:34.985Z
1883,BenchmarkTest01883,sqli,true,89,2026-01-29T20:03:34.986Z,2026-01-29T20:03:34.986Z
1884,BenchmarkTest01884,sqli,false,89,2026-01-29T20:03:34.987Z,2026-01-29T20:03:34.987Z
1885,BenchmarkTest01885,sqli,false,89,2026-01-29T20:03:34.988Z,2026-01-29T20:03:34.988Z
1886,BenchmarkTest01886,sqli,false,89,2026-01-29T20:03:34.990Z,2026-01-29T20:03:34.990Z
1887,BenchmarkTest01887,sqli,true,89,2026-01-29T20:03:34.991Z,2026-01-29T20:03:34.991Z
1888,BenchmarkTest01888,sqli,true,89,2026-01-29T20:03:34.992Z,2026-01-29T20:03:34.992Z
1889,BenchmarkTest01889,sqli,true,89,2026-01-29T20:03:34.993Z,2026-01-29T20:03:34.993Z
1890,BenchmarkTest01890,sqli,true,89,2026-01-29T20:03:34.995Z,2026-01-29T20:03:34.995Z
1891,BenchmarkTest01891,sqli,true,89,2026-01-29T20:03:34.996Z,2026-01-29T20:03:34.996Z
1892,BenchmarkTest01892,xpathi,true,643,2026-01-29T20:03:34.997Z,2026-01-29T20:03:34.997Z
1893,BenchmarkTest01893,xpathi,false,643,2026-01-29T20:03:34.998Z,2026-01-29T20:03:34.998Z
1894,BenchmarkTest01894,xpathi,true,643,2026-01-29T20:03:35.000Z,2026-01-29T20:03:35.000Z
1895,BenchmarkTest01895,crypto,true,327,2026-01-29T20:03:35.001Z,2026-01-29T20:03:35.001Z
1896,BenchmarkTest01896,crypto,false,327,2026-01-29T20:03:35.002Z,2026-01-29T20:03:35.002Z
1897,BenchmarkTest01897,crypto,true,327,2026-01-29T20:03:35.004Z,2026-01-29T20:03:35.004Z
1898,BenchmarkTest01898,crypto,true,327,2026-01-29T20:03:35.005Z,2026-01-29T20:03:35.005Z
1899,BenchmarkTest01899,crypto,false,327,2026-01-29T20:03:35.006Z,2026-01-29T20:03:35.006Z
1900,BenchmarkTest01900,crypto,true,327,2026-01-29T20:03:35.007Z,2026-01-29T20:03:35.007Z
1901,BenchmarkTest01901,crypto,false,327,2026-01-29T20:03:35.009Z,2026-01-29T20:03:35.009Z
1902,BenchmarkTest01902,ldapi,true,90,2026-01-29T20:03:35.010Z,2026-01-29T20:03:35.010Z
1903,BenchmarkTest01903,ldapi,false,90,2026-01-29T20:03:35.011Z,2026-01-29T20:03:35.011Z
1904,BenchmarkTest01904,pathtraver,true,22,2026-01-29T20:03:35.012Z,2026-01-29T20:03:35.012Z
1905,BenchmarkTest01905,pathtraver,false,22,2026-01-29T20:03:35.013Z,2026-01-29T20:03:35.013Z
1906,BenchmarkTest01906,pathtraver,true,22,2026-01-29T20:03:35.014Z,2026-01-29T20:03:35.014Z
1907,BenchmarkTest01907,pathtraver,true,22,2026-01-29T20:03:35.016Z,2026-01-29T20:03:35.016Z
1908,BenchmarkTest01908,pathtraver,true,22,2026-01-29T20:03:35.017Z,2026-01-29T20:03:35.017Z
1909,BenchmarkTest01909,ldapi,false,90,2026-01-29T20:03:35.018Z,2026-01-29T20:03:35.018Z
1910,BenchmarkTest01910,weakrand,true,330,2026-01-29T20:03:35.019Z,2026-01-29T20:03:35.019Z
1911,BenchmarkTest01911,hash,true,328,2026-01-29T20:03:35.020Z,2026-01-29T20:03:35.020Z
1912,BenchmarkTest01912,hash,false,328,2026-01-29T20:03:35.021Z,2026-01-29T20:03:35.021Z
1913,BenchmarkTest01913,hash,false,328,2026-01-29T20:03:35.022Z,2026-01-29T20:03:35.022Z
1914,BenchmarkTest01914,xss,false,79,2026-01-29T20:03:35.023Z,2026-01-29T20:03:35.023Z
1915,BenchmarkTest01915,xss,false,79,2026-01-29T20:03:35.024Z,2026-01-29T20:03:35.024Z
1916,BenchmarkTest01916,xss,true,79,2026-01-29T20:03:35.026Z,2026-01-29T20:03:35.026Z
1917,BenchmarkTest01917,xss,false,79,2026-01-29T20:03:35.027Z,2026-01-29T20:03:35.027Z
1918,BenchmarkTest01918,xss,false,79,2026-01-29T20:03:35.028Z,2026-01-29T20:03:35.028Z
1919,BenchmarkTest01919,xss,true,79,2026-01-29T20:03:35.029Z,2026-01-29T20:03:35.029Z
1920,BenchmarkTest01920,xss,true,79,2026-01-29T20:03:35.030Z,2026-01-29T20:03:35.030Z
1921,BenchmarkTest01921,xss,true,79,2026-01-29T20:03:35.031Z,2026-01-29T20:03:35.031Z
1922,BenchmarkTest01922,xss,true,79,2026-01-29T20:03:35.032Z,2026-01-29T20:03:35.032Z
1923,BenchmarkTest01923,xss,true,79,2026-01-29T20:03:35.033Z,2026-01-29T20:03:35.033Z
1924,BenchmarkTest01924,xss,false,79,2026-01-29T20:03:35.037Z,2026-01-29T20:03:35.037Z
1925,BenchmarkTest01925,xss,true,79,2026-01-29T20:03:35.038Z,2026-01-29T20:03:35.038Z
1926,BenchmarkTest01926,xss,true,79,2026-01-29T20:03:35.040Z,2026-01-29T20:03:35.040Z
1927,BenchmarkTest01927,xss,true,79,2026-01-29T20:03:35.042Z,2026-01-29T20:03:35.042Z
1928,BenchmarkTest01928,cmdi,true,78,2026-01-29T20:03:35.043Z,2026-01-29T20:03:35.043Z
1929,BenchmarkTest01929,cmdi,true,78,2026-01-29T20:03:35.044Z,2026-01-29T20:03:35.044Z
1930,BenchmarkTest01930,weakrand,true,330,2026-01-29T20:03:35.046Z,2026-01-29T20:03:35.046Z
1931,BenchmarkTest01931,weakrand,true,330,2026-01-29T20:03:35.047Z,2026-01-29T20:03:35.047Z
1932,BenchmarkTest01932,weakrand,true,330,2026-01-29T20:03:35.048Z,2026-01-29T20:03:35.048Z
1933,BenchmarkTest01933,weakrand,true,330,2026-01-29T20:03:35.049Z,2026-01-29T20:03:35.049Z
1934,BenchmarkTest01934,weakrand,true,330,2026-01-29T20:03:35.050Z,2026-01-29T20:03:35.050Z
1935,BenchmarkTest01935,securecookie,false,614,2026-01-29T20:03:35.051Z,2026-01-29T20:03:35.051Z
1936,BenchmarkTest01936,cmdi,true,78,2026-01-29T20:03:35.052Z,2026-01-29T20:03:35.052Z
1937,BenchmarkTest01937,cmdi,false,78,2026-01-29T20:03:35.053Z,2026-01-29T20:03:35.053Z
1938,BenchmarkTest01938,cmdi,true,78,2026-01-29T20:03:35.054Z,2026-01-29T20:03:35.054Z
1939,BenchmarkTest01939,cmdi,false,78,2026-01-29T20:03:35.056Z,2026-01-29T20:03:35.056Z
1940,BenchmarkTest01940,cmdi,true,78,2026-01-29T20:03:35.057Z,2026-01-29T20:03:35.057Z
1941,BenchmarkTest01941,cmdi,false,78,2026-01-29T20:03:35.058Z,2026-01-29T20:03:35.058Z
1942,BenchmarkTest01942,cmdi,true,78,2026-01-29T20:03:35.059Z,2026-01-29T20:03:35.059Z
1943,BenchmarkTest01943,cmdi,false,78,2026-01-29T20:03:35.060Z,2026-01-29T20:03:35.060Z
1944,BenchmarkTest01944,cmdi,true,78,2026-01-29T20:03:35.061Z,2026-01-29T20:03:35.061Z
1945,BenchmarkTest01945,weakrand,false,330,2026-01-29T20:03:35.062Z,2026-01-29T20:03:35.062Z
1946,BenchmarkTest01946,weakrand,false,330,2026-01-29T20:03:35.063Z,2026-01-29T20:03:35.063Z
1947,BenchmarkTest01947,weakrand,false,330,2026-01-29T20:03:35.064Z,2026-01-29T20:03:35.064Z
1948,BenchmarkTest01948,weakrand,false,330,2026-01-29T20:03:35.066Z,2026-01-29T20:03:35.066Z
1949,BenchmarkTest01949,weakrand,false,330,2026-01-29T20:03:35.067Z,2026-01-29T20:03:35.067Z
1950,BenchmarkTest01950,weakrand,false,330,2026-01-29T20:03:35.068Z,2026-01-29T20:03:35.068Z
1951,BenchmarkTest01951,weakrand,false,330,2026-01-29T20:03:35.069Z,2026-01-29T20:03:35.069Z
1952,BenchmarkTest01952,weakrand,false,330,2026-01-29T20:03:35.070Z,2026-01-29T20:03:35.070Z
1953,BenchmarkTest01953,weakrand,false,330,2026-01-29T20:03:35.071Z,2026-01-29T20:03:35.071Z
1954,BenchmarkTest01954,weakrand,false,330,2026-01-29T20:03:35.072Z,2026-01-29T20:03:35.072Z
1955,BenchmarkTest01955,trustbound,true,501,2026-01-29T20:03:35.073Z,2026-01-29T20:03:35.073Z
1956,BenchmarkTest01956,trustbound,false,501,2026-01-29T20:03:35.074Z,2026-01-29T20:03:35.074Z
1957,BenchmarkTest01957,trustbound,false,501,2026-01-29T20:03:35.075Z,2026-01-29T20:03:35.075Z
1958,BenchmarkTest01958,trustbound,true,501,2026-01-29T20:03:35.076Z,2026-01-29T20:03:35.076Z
1959,BenchmarkTest01959,trustbound,false,501,2026-01-29T20:03:35.077Z,2026-01-29T20:03:35.077Z
1960,BenchmarkTest01960,trustbound,true,501,2026-01-29T20:03:35.078Z,2026-01-29T20:03:35.078Z
1961,BenchmarkTest01961,sqli,false,89,2026-01-29T20:03:35.079Z,2026-01-29T20:03:35.079Z
1962,BenchmarkTest01962,sqli,true,89,2026-01-29T20:03:35.080Z,2026-01-29T20:03:35.080Z
1963,BenchmarkTest01963,sqli,true,89,2026-01-29T20:03:35.081Z,2026-01-29T20:03:35.081Z
1964,BenchmarkTest01964,sqli,true,89,2026-01-29T20:03:35.082Z,2026-01-29T20:03:35.082Z
1965,BenchmarkTest01965,sqli,false,89,2026-01-29T20:03:35.083Z,2026-01-29T20:03:35.083Z
1966,BenchmarkTest01966,sqli,false,89,2026-01-29T20:03:35.085Z,2026-01-29T20:03:35.085Z
1967,BenchmarkTest01967,sqli,false,89,2026-01-29T20:03:35.086Z,2026-01-29T20:03:35.086Z
1968,BenchmarkTest01968,sqli,false,89,2026-01-29T20:03:35.087Z,2026-01-29T20:03:35.087Z
1969,BenchmarkTest01969,sqli,false,89,2026-01-29T20:03:35.088Z,2026-01-29T20:03:35.088Z
1970,BenchmarkTest01970,sqli,true,89,2026-01-29T20:03:35.089Z,2026-01-29T20:03:35.089Z
1971,BenchmarkTest01971,sqli,true,89,2026-01-29T20:03:35.090Z,2026-01-29T20:03:35.090Z
1972,BenchmarkTest01972,sqli,true,89,2026-01-29T20:03:35.091Z,2026-01-29T20:03:35.091Z
1973,BenchmarkTest01973,sqli,false,89,2026-01-29T20:03:35.092Z,2026-01-29T20:03:35.092Z
1974,BenchmarkTest01974,xpathi,true,643,2026-01-29T20:03:35.093Z,2026-01-29T20:03:35.093Z
1975,BenchmarkTest01975,crypto,false,327,2026-01-29T20:03:35.097Z,2026-01-29T20:03:35.097Z
1976,BenchmarkTest01976,crypto,false,327,2026-01-29T20:03:35.098Z,2026-01-29T20:03:35.098Z
1977,BenchmarkTest01977,crypto,false,327,2026-01-29T20:03:35.100Z,2026-01-29T20:03:35.100Z
1978,BenchmarkTest01978,crypto,true,327,2026-01-29T20:03:35.101Z,2026-01-29T20:03:35.101Z
1979,BenchmarkTest01979,crypto,false,327,2026-01-29T20:03:35.102Z,2026-01-29T20:03:35.102Z
1980,BenchmarkTest01980,crypto,true,327,2026-01-29T20:03:35.104Z,2026-01-29T20:03:35.104Z
1981,BenchmarkTest01981,crypto,true,327,2026-01-29T20:03:35.105Z,2026-01-29T20:03:35.105Z
1982,BenchmarkTest01982,crypto,false,327,2026-01-29T20:03:35.106Z,2026-01-29T20:03:35.106Z
1983,BenchmarkTest01983,pathtraver,true,22,2026-01-29T20:03:35.107Z,2026-01-29T20:03:35.107Z
1984,BenchmarkTest01984,pathtraver,false,22,2026-01-29T20:03:35.109Z,2026-01-29T20:03:35.109Z
1985,BenchmarkTest01985,pathtraver,true,22,2026-01-29T20:03:35.110Z,2026-01-29T20:03:35.110Z
1986,BenchmarkTest01986,pathtraver,false,22,2026-01-29T20:03:35.111Z,2026-01-29T20:03:35.111Z
1987,BenchmarkTest01987,pathtraver,true,22,2026-01-29T20:03:35.112Z,2026-01-29T20:03:35.112Z
1988,BenchmarkTest01988,pathtraver,true,22,2026-01-29T20:03:35.113Z,2026-01-29T20:03:35.113Z
1989,BenchmarkTest01989,pathtraver,true,22,2026-01-29T20:03:35.114Z,2026-01-29T20:03:35.114Z
1990,BenchmarkTest01990,pathtraver,false,22,2026-01-29T20:03:35.115Z,2026-01-29T20:03:35.115Z
1991,BenchmarkTest01991,pathtraver,false,22,2026-01-29T20:03:35.116Z,2026-01-29T20:03:35.116Z
1992,BenchmarkTest01992,weakrand,true,330,2026-01-29T20:03:35.117Z,2026-01-29T20:03:35.117Z
1993,BenchmarkTest01993,hash,false,328,2026-01-29T20:03:35.118Z,2026-01-29T20:03:35.118Z
1994,BenchmarkTest01994,hash,false,328,2026-01-29T20:03:35.120Z,2026-01-29T20:03:35.120Z
1995,BenchmarkTest01995,hash,false,328,2026-01-29T20:03:35.121Z,2026-01-29T20:03:35.121Z
1996,BenchmarkTest01996,hash,true,328,2026-01-29T20:03:35.122Z,2026-01-29T20:03:35.122Z
1997,BenchmarkTest01997,hash,true,328,2026-01-29T20:03:35.123Z,2026-01-29T20:03:35.123Z
1998,BenchmarkTest01998,hash,false,328,2026-01-29T20:03:35.124Z,2026-01-29T20:03:35.124Z
1999,BenchmarkTest01999,weakrand,true,330,2026-01-29T20:03:35.125Z,2026-01-29T20:03:35.125Z
2000,BenchmarkTest02000,weakrand,true,330,2026-01-29T20:03:35.126Z,2026-01-29T20:03:35.126Z
2001,BenchmarkTest02001,weakrand,true,330,2026-01-29T20:03:35.128Z,2026-01-29T20:03:35.128Z
2002,BenchmarkTest02002,weakrand,true,330,2026-01-29T20:03:35.129Z,2026-01-29T20:03:35.129Z
2003,BenchmarkTest02003,weakrand,true,330,2026-01-29T20:03:35.130Z,2026-01-29T20:03:35.130Z
2004,BenchmarkTest02004,weakrand,true,330,2026-01-29T20:03:35.131Z,2026-01-29T20:03:35.131Z
2005,BenchmarkTest02005,securecookie,true,614,2026-01-29T20:03:35.132Z,2026-01-29T20:03:35.132Z
2006,BenchmarkTest02006,securecookie,false,614,2026-01-29T20:03:35.133Z,2026-01-29T20:03:35.133Z
2007,BenchmarkTest02007,weakrand,false,330,2026-01-29T20:03:35.134Z,2026-01-29T20:03:35.134Z
2008,BenchmarkTest02008,weakrand,false,330,2026-01-29T20:03:35.136Z,2026-01-29T20:03:35.136Z
2009,BenchmarkTest02009,weakrand,false,330,2026-01-29T20:03:35.137Z,2026-01-29T20:03:35.137Z
2010,BenchmarkTest02010,weakrand,false,330,2026-01-29T20:03:35.138Z,2026-01-29T20:03:35.138Z
2011,BenchmarkTest02011,weakrand,false,330,2026-01-29T20:03:35.139Z,2026-01-29T20:03:35.139Z
2012,BenchmarkTest02012,weakrand,false,330,2026-01-29T20:03:35.140Z,2026-01-29T20:03:35.140Z
2013,BenchmarkTest02013,weakrand,false,330,2026-01-29T20:03:35.141Z,2026-01-29T20:03:35.141Z
2014,BenchmarkTest02014,weakrand,false,330,2026-01-29T20:03:35.143Z,2026-01-29T20:03:35.143Z
2015,BenchmarkTest02015,trustbound,true,501,2026-01-29T20:03:35.144Z,2026-01-29T20:03:35.144Z
2016,BenchmarkTest02016,trustbound,true,501,2026-01-29T20:03:35.145Z,2026-01-29T20:03:35.145Z
2017,BenchmarkTest02017,crypto,true,327,2026-01-29T20:03:35.146Z,2026-01-29T20:03:35.146Z
2018,BenchmarkTest02018,crypto,true,327,2026-01-29T20:03:35.148Z,2026-01-29T20:03:35.148Z
2019,BenchmarkTest02019,crypto,true,327,2026-01-29T20:03:35.149Z,2026-01-29T20:03:35.149Z
2020,BenchmarkTest02020,crypto,true,327,2026-01-29T20:03:35.150Z,2026-01-29T20:03:35.150Z
2021,BenchmarkTest02021,crypto,false,327,2026-01-29T20:03:35.152Z,2026-01-29T20:03:35.152Z
2022,BenchmarkTest02022,crypto,true,327,2026-01-29T20:03:35.153Z,2026-01-29T20:03:35.153Z
2023,BenchmarkTest02023,crypto,true,327,2026-01-29T20:03:35.154Z,2026-01-29T20:03:35.154Z
2024,BenchmarkTest02024,crypto,false,327,2026-01-29T20:03:35.155Z,2026-01-29T20:03:35.155Z
2025,BenchmarkTest02025,ldapi,false,90,2026-01-29T20:03:35.159Z,2026-01-29T20:03:35.159Z
2026,BenchmarkTest02026,pathtraver,false,22,2026-01-29T20:03:35.161Z,2026-01-29T20:03:35.161Z
2027,BenchmarkTest02027,pathtraver,true,22,2026-01-29T20:03:35.162Z,2026-01-29T20:03:35.162Z
2028,BenchmarkTest02028,pathtraver,false,22,2026-01-29T20:03:35.163Z,2026-01-29T20:03:35.163Z
2029,BenchmarkTest02029,pathtraver,false,22,2026-01-29T20:03:35.164Z,2026-01-29T20:03:35.164Z
2030,BenchmarkTest02030,pathtraver,false,22,2026-01-29T20:03:35.165Z,2026-01-29T20:03:35.165Z
2031,BenchmarkTest02031,pathtraver,false,22,2026-01-29T20:03:35.167Z,2026-01-29T20:03:35.167Z
2032,BenchmarkTest02032,pathtraver,true,22,2026-01-29T20:03:35.168Z,2026-01-29T20:03:35.168Z
2033,BenchmarkTest02033,pathtraver,false,22,2026-01-29T20:03:35.169Z,2026-01-29T20:03:35.169Z
2034,BenchmarkTest02034,pathtraver,true,22,2026-01-29T20:03:35.170Z,2026-01-29T20:03:35.170Z
2035,BenchmarkTest02035,pathtraver,false,22,2026-01-29T20:03:35.171Z,2026-01-29T20:03:35.171Z
2036,BenchmarkTest02036,ldapi,true,90,2026-01-29T20:03:35.172Z,2026-01-29T20:03:35.172Z
2037,BenchmarkTest02037,ldapi,true,90,2026-01-29T20:03:35.174Z,2026-01-29T20:03:35.174Z
2038,BenchmarkTest02038,weakrand,true,330,2026-01-29T20:03:35.175Z,2026-01-29T20:03:35.175Z
2039,BenchmarkTest02039,weakrand,true,330,2026-01-29T20:03:35.176Z,2026-01-29T20:03:35.176Z
2040,BenchmarkTest02040,weakrand,true,330,2026-01-29T20:03:35.177Z,2026-01-29T20:03:35.177Z
2041,BenchmarkTest02041,hash,false,328,2026-01-29T20:03:35.178Z,2026-01-29T20:03:35.178Z
2042,BenchmarkTest02042,hash,true,328,2026-01-29T20:03:35.180Z,2026-01-29T20:03:35.180Z
2043,BenchmarkTest02043,hash,false,328,2026-01-29T20:03:35.181Z,2026-01-29T20:03:35.181Z
2044,BenchmarkTest02044,hash,false,328,2026-01-29T20:03:35.182Z,2026-01-29T20:03:35.182Z
2045,BenchmarkTest02045,xss,false,79,2026-01-29T20:03:35.184Z,2026-01-29T20:03:35.184Z
2046,BenchmarkTest02046,xss,true,79,2026-01-29T20:03:35.185Z,2026-01-29T20:03:35.185Z
2047,BenchmarkTest02047,xss,true,79,2026-01-29T20:03:35.186Z,2026-01-29T20:03:35.186Z
2048,BenchmarkTest02048,xss,false,79,2026-01-29T20:03:35.187Z,2026-01-29T20:03:35.187Z
2049,BenchmarkTest02049,xss,false,79,2026-01-29T20:03:35.189Z,2026-01-29T20:03:35.189Z
2050,BenchmarkTest02050,xss,true,79,2026-01-29T20:03:35.190Z,2026-01-29T20:03:35.190Z
2051,BenchmarkTest02051,xss,true,79,2026-01-29T20:03:35.191Z,2026-01-29T20:03:35.191Z
2052,BenchmarkTest02052,xss,false,79,2026-01-29T20:03:35.192Z,2026-01-29T20:03:35.192Z
2053,BenchmarkTest02053,xss,false,79,2026-01-29T20:03:35.193Z,2026-01-29T20:03:35.193Z
2054,BenchmarkTest02054,xss,true,79,2026-01-29T20:03:35.194Z,2026-01-29T20:03:35.194Z
2055,BenchmarkTest02055,xss,true,79,2026-01-29T20:03:35.196Z,2026-01-29T20:03:35.196Z
2056,BenchmarkTest02056,xss,true,79,2026-01-29T20:03:35.197Z,2026-01-29T20:03:35.197Z
2057,BenchmarkTest02057,xss,true,79,2026-01-29T20:03:35.198Z,2026-01-29T20:03:35.198Z
2058,BenchmarkTest02058,cmdi,false,78,2026-01-29T20:03:35.199Z,2026-01-29T20:03:35.199Z
2059,BenchmarkTest02059,cmdi,true,78,2026-01-29T20:03:35.200Z,2026-01-29T20:03:35.200Z
2060,BenchmarkTest02060,weakrand,true,330,2026-01-29T20:03:35.201Z,2026-01-29T20:03:35.201Z
2061,BenchmarkTest02061,weakrand,true,330,2026-01-29T20:03:35.203Z,2026-01-29T20:03:35.203Z
2062,BenchmarkTest02062,weakrand,true,330,2026-01-29T20:03:35.204Z,2026-01-29T20:03:35.204Z
2063,BenchmarkTest02063,weakrand,true,330,2026-01-29T20:03:35.205Z,2026-01-29T20:03:35.205Z
2064,BenchmarkTest02064,securecookie,false,614,2026-01-29T20:03:35.206Z,2026-01-29T20:03:35.206Z
2065,BenchmarkTest02065,securecookie,false,614,2026-01-29T20:03:35.207Z,2026-01-29T20:03:35.207Z
2066,BenchmarkTest02066,securecookie,false,614,2026-01-29T20:03:35.209Z,2026-01-29T20:03:35.209Z
2067,BenchmarkTest02067,cmdi,false,78,2026-01-29T20:03:35.210Z,2026-01-29T20:03:35.210Z
2068,BenchmarkTest02068,cmdi,false,78,2026-01-29T20:03:35.211Z,2026-01-29T20:03:35.211Z
2069,BenchmarkTest02069,cmdi,false,78,2026-01-29T20:03:35.213Z,2026-01-29T20:03:35.213Z
2070,BenchmarkTest02070,cmdi,true,78,2026-01-29T20:03:35.214Z,2026-01-29T20:03:35.214Z
2071,BenchmarkTest02071,weakrand,false,330,2026-01-29T20:03:35.215Z,2026-01-29T20:03:35.215Z
2072,BenchmarkTest02072,weakrand,false,330,2026-01-29T20:03:35.216Z,2026-01-29T20:03:35.216Z
2073,BenchmarkTest02073,weakrand,false,330,2026-01-29T20:03:35.217Z,2026-01-29T20:03:35.217Z
2074,BenchmarkTest02074,weakrand,false,330,2026-01-29T20:03:35.218Z,2026-01-29T20:03:35.218Z
2075,BenchmarkTest02075,weakrand,false,330,2026-01-29T20:03:35.220Z,2026-01-29T20:03:35.220Z
2076,BenchmarkTest02076,weakrand,false,330,2026-01-29T20:03:35.223Z,2026-01-29T20:03:35.223Z
2077,BenchmarkTest02077,weakrand,false,330,2026-01-29T20:03:35.225Z,2026-01-29T20:03:35.225Z
2078,BenchmarkTest02078,weakrand,false,330,2026-01-29T20:03:35.226Z,2026-01-29T20:03:35.226Z
2079,BenchmarkTest02079,weakrand,false,330,2026-01-29T20:03:35.228Z,2026-01-29T20:03:35.228Z
2080,BenchmarkTest02080,weakrand,false,330,2026-01-29T20:03:35.229Z,2026-01-29T20:03:35.229Z
2081,BenchmarkTest02081,weakrand,false,330,2026-01-29T20:03:35.230Z,2026-01-29T20:03:35.230Z
2082,BenchmarkTest02082,weakrand,false,330,2026-01-29T20:03:35.231Z,2026-01-29T20:03:35.231Z
2083,BenchmarkTest02083,weakrand,false,330,2026-01-29T20:03:35.232Z,2026-01-29T20:03:35.232Z
2084,BenchmarkTest02084,trustbound,true,501,2026-01-29T20:03:35.234Z,2026-01-29T20:03:35.234Z
2085,BenchmarkTest02085,trustbound,false,501,2026-01-29T20:03:35.235Z,2026-01-29T20:03:35.235Z
2086,BenchmarkTest02086,trustbound,false,501,2026-01-29T20:03:35.236Z,2026-01-29T20:03:35.236Z
2087,BenchmarkTest02087,sqli,true,89,2026-01-29T20:03:35.237Z,2026-01-29T20:03:35.237Z
2088,BenchmarkTest02088,sqli,true,89,2026-01-29T20:03:35.238Z,2026-01-29T20:03:35.238Z
2089,BenchmarkTest02089,sqli,false,89,2026-01-29T20:03:35.240Z,2026-01-29T20:03:35.240Z
2090,BenchmarkTest02090,sqli,true,89,2026-01-29T20:03:35.241Z,2026-01-29T20:03:35.241Z
2091,BenchmarkTest02091,sqli,true,89,2026-01-29T20:03:35.242Z,2026-01-29T20:03:35.242Z
2092,BenchmarkTest02092,sqli,true,89,2026-01-29T20:03:35.243Z,2026-01-29T20:03:35.243Z
2093,BenchmarkTest02093,sqli,false,89,2026-01-29T20:03:35.244Z,2026-01-29T20:03:35.244Z
2094,BenchmarkTest02094,sqli,true,89,2026-01-29T20:03:35.246Z,2026-01-29T20:03:35.246Z
2095,BenchmarkTest02095,sqli,false,89,2026-01-29T20:03:35.247Z,2026-01-29T20:03:35.247Z
2096,BenchmarkTest02096,sqli,true,89,2026-01-29T20:03:35.248Z,2026-01-29T20:03:35.248Z
2097,BenchmarkTest02097,sqli,false,89,2026-01-29T20:03:35.249Z,2026-01-29T20:03:35.249Z
2098,BenchmarkTest02098,sqli,false,89,2026-01-29T20:03:35.250Z,2026-01-29T20:03:35.250Z
2099,BenchmarkTest02099,sqli,true,89,2026-01-29T20:03:35.251Z,2026-01-29T20:03:35.251Z
2100,BenchmarkTest02100,xpathi,true,643,2026-01-29T20:03:35.252Z,2026-01-29T20:03:35.252Z
2101,BenchmarkTest02101,crypto,true,327,2026-01-29T20:03:35.253Z,2026-01-29T20:03:35.253Z
2102,BenchmarkTest02102,crypto,false,327,2026-01-29T20:03:35.254Z,2026-01-29T20:03:35.254Z
2103,BenchmarkTest02103,crypto,false,327,2026-01-29T20:03:35.255Z,2026-01-29T20:03:35.255Z
2104,BenchmarkTest02104,ldapi,false,90,2026-01-29T20:03:35.256Z,2026-01-29T20:03:35.256Z
2105,BenchmarkTest02105,pathtraver,true,22,2026-01-29T20:03:35.257Z,2026-01-29T20:03:35.257Z
2106,BenchmarkTest02106,pathtraver,true,22,2026-01-29T20:03:35.258Z,2026-01-29T20:03:35.258Z
2107,BenchmarkTest02107,pathtraver,false,22,2026-01-29T20:03:35.259Z,2026-01-29T20:03:35.259Z
2108,BenchmarkTest02108,pathtraver,false,22,2026-01-29T20:03:35.260Z,2026-01-29T20:03:35.260Z
2109,BenchmarkTest02109,pathtraver,true,22,2026-01-29T20:03:35.261Z,2026-01-29T20:03:35.261Z
2110,BenchmarkTest02110,pathtraver,false,22,2026-01-29T20:03:35.262Z,2026-01-29T20:03:35.262Z
2111,BenchmarkTest02111,pathtraver,false,22,2026-01-29T20:03:35.263Z,2026-01-29T20:03:35.263Z
2112,BenchmarkTest02112,pathtraver,true,22,2026-01-29T20:03:35.264Z,2026-01-29T20:03:35.264Z
2113,BenchmarkTest02113,pathtraver,true,22,2026-01-29T20:03:35.264Z,2026-01-29T20:03:35.264Z
2114,BenchmarkTest02114,ldapi,false,90,2026-01-29T20:03:35.265Z,2026-01-29T20:03:35.265Z
2115,BenchmarkTest02115,ldapi,false,90,2026-01-29T20:03:35.266Z,2026-01-29T20:03:35.266Z
2116,BenchmarkTest02116,ldapi,false,90,2026-01-29T20:03:35.267Z,2026-01-29T20:03:35.267Z
2117,BenchmarkTest02117,weakrand,true,330,2026-01-29T20:03:35.268Z,2026-01-29T20:03:35.268Z
2118,BenchmarkTest02118,hash,true,328,2026-01-29T20:03:35.269Z,2026-01-29T20:03:35.269Z
2119,BenchmarkTest02119,hash,false,328,2026-01-29T20:03:35.270Z,2026-01-29T20:03:35.270Z
2120,BenchmarkTest02120,hash,false,328,2026-01-29T20:03:35.270Z,2026-01-29T20:03:35.270Z
2121,BenchmarkTest02121,hash,true,328,2026-01-29T20:03:35.271Z,2026-01-29T20:03:35.271Z
2122,BenchmarkTest02122,xss,false,79,2026-01-29T20:03:35.272Z,2026-01-29T20:03:35.272Z
2123,BenchmarkTest02123,xss,true,79,2026-01-29T20:03:35.273Z,2026-01-29T20:03:35.273Z
2124,BenchmarkTest02124,xss,true,79,2026-01-29T20:03:35.274Z,2026-01-29T20:03:35.274Z
2125,BenchmarkTest02125,xss,false,79,2026-01-29T20:03:35.275Z,2026-01-29T20:03:35.275Z
2126,BenchmarkTest02126,xss,true,79,2026-01-29T20:03:35.276Z,2026-01-29T20:03:35.276Z
2127,BenchmarkTest02127,xss,true,79,2026-01-29T20:03:35.278Z,2026-01-29T20:03:35.278Z
2128,BenchmarkTest02128,xss,true,79,2026-01-29T20:03:35.280Z,2026-01-29T20:03:35.280Z
2129,BenchmarkTest02129,xss,true,79,2026-01-29T20:03:35.281Z,2026-01-29T20:03:35.281Z
2130,BenchmarkTest02130,xss,true,79,2026-01-29T20:03:35.283Z,2026-01-29T20:03:35.283Z
2131,BenchmarkTest02131,xss,true,79,2026-01-29T20:03:35.284Z,2026-01-29T20:03:35.284Z
2132,BenchmarkTest02132,xss,true,79,2026-01-29T20:03:35.285Z,2026-01-29T20:03:35.285Z
2133,BenchmarkTest02133,xss,true,79,2026-01-29T20:03:35.286Z,2026-01-29T20:03:35.286Z
2134,BenchmarkTest02134,xss,true,79,2026-01-29T20:03:35.287Z,2026-01-29T20:03:35.287Z
2135,BenchmarkTest02135,xss,false,79,2026-01-29T20:03:35.288Z,2026-01-29T20:03:35.288Z
2136,BenchmarkTest02136,xss,true,79,2026-01-29T20:03:35.289Z,2026-01-29T20:03:35.289Z
2137,BenchmarkTest02137,cmdi,true,78,2026-01-29T20:03:35.290Z,2026-01-29T20:03:35.290Z
2138,BenchmarkTest02138,weakrand,true,330,2026-01-29T20:03:35.291Z,2026-01-29T20:03:35.291Z
2139,BenchmarkTest02139,weakrand,true,330,2026-01-29T20:03:35.293Z,2026-01-29T20:03:35.293Z
2140,BenchmarkTest02140,weakrand,true,330,2026-01-29T20:03:35.294Z,2026-01-29T20:03:35.294Z
2141,BenchmarkTest02141,weakrand,true,330,2026-01-29T20:03:35.295Z,2026-01-29T20:03:35.295Z
2142,BenchmarkTest02142,securecookie,true,614,2026-01-29T20:03:35.296Z,2026-01-29T20:03:35.296Z
2143,BenchmarkTest02143,securecookie,false,614,2026-01-29T20:03:35.297Z,2026-01-29T20:03:35.297Z
2144,BenchmarkTest02144,securecookie,false,614,2026-01-29T20:03:35.297Z,2026-01-29T20:03:35.297Z
2145,BenchmarkTest02145,xss,true,79,2026-01-29T20:03:35.298Z,2026-01-29T20:03:35.298Z
2146,BenchmarkTest02146,cmdi,true,78,2026-01-29T20:03:35.300Z,2026-01-29T20:03:35.300Z
2147,BenchmarkTest02147,cmdi,true,78,2026-01-29T20:03:35.301Z,2026-01-29T20:03:35.301Z
2148,BenchmarkTest02148,cmdi,false,78,2026-01-29T20:03:35.302Z,2026-01-29T20:03:35.302Z
2149,BenchmarkTest02149,cmdi,false,78,2026-01-29T20:03:35.303Z,2026-01-29T20:03:35.303Z
2150,BenchmarkTest02150,cmdi,true,78,2026-01-29T20:03:35.304Z,2026-01-29T20:03:35.304Z
2151,BenchmarkTest02151,cmdi,true,78,2026-01-29T20:03:35.306Z,2026-01-29T20:03:35.306Z
2152,BenchmarkTest02152,cmdi,true,78,2026-01-29T20:03:35.307Z,2026-01-29T20:03:35.307Z
2153,BenchmarkTest02153,cmdi,false,78,2026-01-29T20:03:35.309Z,2026-01-29T20:03:35.309Z
2154,BenchmarkTest02154,cmdi,true,78,2026-01-29T20:03:35.310Z,2026-01-29T20:03:35.310Z
2155,BenchmarkTest02155,cmdi,true,78,2026-01-29T20:03:35.311Z,2026-01-29T20:03:35.311Z
2156,BenchmarkTest02156,cmdi,false,78,2026-01-29T20:03:35.312Z,2026-01-29T20:03:35.312Z
2157,BenchmarkTest02157,weakrand,false,330,2026-01-29T20:03:35.314Z,2026-01-29T20:03:35.314Z
2158,BenchmarkTest02158,weakrand,false,330,2026-01-29T20:03:35.315Z,2026-01-29T20:03:35.315Z
2159,BenchmarkTest02159,weakrand,false,330,2026-01-29T20:03:35.316Z,2026-01-29T20:03:35.316Z
2160,BenchmarkTest02160,weakrand,false,330,2026-01-29T20:03:35.317Z,2026-01-29T20:03:35.317Z
2161,BenchmarkTest02161,weakrand,false,330,2026-01-29T20:03:35.318Z,2026-01-29T20:03:35.318Z
2162,BenchmarkTest02162,weakrand,false,330,2026-01-29T20:03:35.320Z,2026-01-29T20:03:35.320Z
2163,BenchmarkTest02163,weakrand,false,330,2026-01-29T20:03:35.321Z,2026-01-29T20:03:35.321Z
2164,BenchmarkTest02164,weakrand,false,330,2026-01-29T20:03:35.322Z,2026-01-29T20:03:35.322Z
2165,BenchmarkTest02165,trustbound,true,501,2026-01-29T20:03:35.323Z,2026-01-29T20:03:35.323Z
2166,BenchmarkTest02166,trustbound,false,501,2026-01-29T20:03:35.325Z,2026-01-29T20:03:35.325Z
2167,BenchmarkTest02167,trustbound,true,501,2026-01-29T20:03:35.326Z,2026-01-29T20:03:35.326Z
2168,BenchmarkTest02168,trustbound,false,501,2026-01-29T20:03:35.327Z,2026-01-29T20:03:35.327Z
2169,BenchmarkTest02169,sqli,true,89,2026-01-29T20:03:35.329Z,2026-01-29T20:03:35.329Z
2170,BenchmarkTest02170,sqli,true,89,2026-01-29T20:03:35.330Z,2026-01-29T20:03:35.330Z
2171,BenchmarkTest02171,sqli,true,89,2026-01-29T20:03:35.331Z,2026-01-29T20:03:35.331Z
2172,BenchmarkTest02172,sqli,false,89,2026-01-29T20:03:35.333Z,2026-01-29T20:03:35.333Z
2173,BenchmarkTest02173,sqli,false,89,2026-01-29T20:03:35.334Z,2026-01-29T20:03:35.334Z
2174,BenchmarkTest02174,sqli,false,89,2026-01-29T20:03:35.335Z,2026-01-29T20:03:35.335Z
2175,BenchmarkTest02175,sqli,false,89,2026-01-29T20:03:35.336Z,2026-01-29T20:03:35.336Z
2176,BenchmarkTest02176,sqli,false,89,2026-01-29T20:03:35.337Z,2026-01-29T20:03:35.337Z
2177,BenchmarkTest02177,sqli,true,89,2026-01-29T20:03:35.338Z,2026-01-29T20:03:35.338Z
2178,BenchmarkTest02178,sqli,true,89,2026-01-29T20:03:35.341Z,2026-01-29T20:03:35.341Z
2179,BenchmarkTest02179,sqli,true,89,2026-01-29T20:03:35.343Z,2026-01-29T20:03:35.343Z
2180,BenchmarkTest02180,sqli,false,89,2026-01-29T20:03:35.344Z,2026-01-29T20:03:35.344Z
2181,BenchmarkTest02181,sqli,true,89,2026-01-29T20:03:35.345Z,2026-01-29T20:03:35.345Z
2182,BenchmarkTest02182,sqli,true,89,2026-01-29T20:03:35.345Z,2026-01-29T20:03:35.345Z
2183,BenchmarkTest02183,sqli,false,89,2026-01-29T20:03:35.346Z,2026-01-29T20:03:35.346Z
2184,BenchmarkTest02184,sqli,false,89,2026-01-29T20:03:35.347Z,2026-01-29T20:03:35.347Z
2185,BenchmarkTest02185,sqli,false,89,2026-01-29T20:03:35.348Z,2026-01-29T20:03:35.348Z
2186,BenchmarkTest02186,sqli,true,89,2026-01-29T20:03:35.349Z,2026-01-29T20:03:35.349Z
2187,BenchmarkTest02187,sqli,true,89,2026-01-29T20:03:35.350Z,2026-01-29T20:03:35.350Z
2188,BenchmarkTest02188,sqli,false,89,2026-01-29T20:03:35.351Z,2026-01-29T20:03:35.351Z
2189,BenchmarkTest02189,xpathi,true,643,2026-01-29T20:03:35.352Z,2026-01-29T20:03:35.352Z
2190,BenchmarkTest02190,crypto,false,327,2026-01-29T20:03:35.353Z,2026-01-29T20:03:35.353Z
2191,BenchmarkTest02191,crypto,false,327,2026-01-29T20:03:35.354Z,2026-01-29T20:03:35.354Z
2192,BenchmarkTest02192,crypto,true,327,2026-01-29T20:03:35.354Z,2026-01-29T20:03:35.354Z
2193,BenchmarkTest02193,crypto,true,327,2026-01-29T20:03:35.355Z,2026-01-29T20:03:35.355Z
2194,BenchmarkTest02194,crypto,true,327,2026-01-29T20:03:35.356Z,2026-01-29T20:03:35.356Z
2195,BenchmarkTest02195,crypto,true,327,2026-01-29T20:03:35.357Z,2026-01-29T20:03:35.357Z
2196,BenchmarkTest02196,ldapi,true,90,2026-01-29T20:03:35.358Z,2026-01-29T20:03:35.358Z
2197,BenchmarkTest02197,pathtraver,true,22,2026-01-29T20:03:35.359Z,2026-01-29T20:03:35.359Z
2198,BenchmarkTest02198,pathtraver,true,22,2026-01-29T20:03:35.359Z,2026-01-29T20:03:35.359Z
2199,BenchmarkTest02199,pathtraver,true,22,2026-01-29T20:03:35.360Z,2026-01-29T20:03:35.360Z
2200,BenchmarkTest02200,pathtraver,false,22,2026-01-29T20:03:35.361Z,2026-01-29T20:03:35.361Z
2201,BenchmarkTest02201,pathtraver,false,22,2026-01-29T20:03:35.362Z,2026-01-29T20:03:35.362Z
2202,BenchmarkTest02202,pathtraver,false,22,2026-01-29T20:03:35.363Z,2026-01-29T20:03:35.363Z
2203,BenchmarkTest02203,pathtraver,false,22,2026-01-29T20:03:35.364Z,2026-01-29T20:03:35.364Z
2204,BenchmarkTest02204,pathtraver,false,22,2026-01-29T20:03:35.364Z,2026-01-29T20:03:35.364Z
2205,BenchmarkTest02205,pathtraver,true,22,2026-01-29T20:03:35.365Z,2026-01-29T20:03:35.365Z
2206,BenchmarkTest02206,pathtraver,false,22,2026-01-29T20:03:35.366Z,2026-01-29T20:03:35.366Z
2207,BenchmarkTest02207,pathtraver,false,22,2026-01-29T20:03:35.367Z,2026-01-29T20:03:35.367Z
2208,BenchmarkTest02208,ldapi,true,90,2026-01-29T20:03:35.368Z,2026-01-29T20:03:35.368Z
2209,BenchmarkTest02209,weakrand,true,330,2026-01-29T20:03:35.369Z,2026-01-29T20:03:35.369Z
2210,BenchmarkTest02210,hash,false,328,2026-01-29T20:03:35.370Z,2026-01-29T20:03:35.370Z
2211,BenchmarkTest02211,hash,true,328,2026-01-29T20:03:35.371Z,2026-01-29T20:03:35.371Z
2212,BenchmarkTest02212,hash,true,328,2026-01-29T20:03:35.372Z,2026-01-29T20:03:35.372Z
2213,BenchmarkTest02213,hash,true,328,2026-01-29T20:03:35.373Z,2026-01-29T20:03:35.373Z
2214,BenchmarkTest02214,hash,false,328,2026-01-29T20:03:35.373Z,2026-01-29T20:03:35.373Z
2215,BenchmarkTest02215,hash,false,328,2026-01-29T20:03:35.374Z,2026-01-29T20:03:35.374Z
2216,BenchmarkTest02216,hash,false,328,2026-01-29T20:03:35.375Z,2026-01-29T20:03:35.375Z
2217,BenchmarkTest02217,hash,true,328,2026-01-29T20:03:35.376Z,2026-01-29T20:03:35.376Z
2218,BenchmarkTest02218,hash,false,328,2026-01-29T20:03:35.377Z,2026-01-29T20:03:35.377Z
2219,BenchmarkTest02219,hash,true,328,2026-01-29T20:03:35.378Z,2026-01-29T20:03:35.378Z
2220,BenchmarkTest02220,hash,false,328,2026-01-29T20:03:35.379Z,2026-01-29T20:03:35.379Z
2221,BenchmarkTest02221,xss,true,79,2026-01-29T20:03:35.380Z,2026-01-29T20:03:35.380Z
2222,BenchmarkTest02222,xss,false,79,2026-01-29T20:03:35.381Z,2026-01-29T20:03:35.381Z
2223,BenchmarkTest02223,xss,true,79,2026-01-29T20:03:35.382Z,2026-01-29T20:03:35.382Z
2224,BenchmarkTest02224,xss,true,79,2026-01-29T20:03:35.383Z,2026-01-29T20:03:35.383Z
2225,BenchmarkTest02225,xss,true,79,2026-01-29T20:03:35.385Z,2026-01-29T20:03:35.385Z
2226,BenchmarkTest02226,xss,false,79,2026-01-29T20:03:35.386Z,2026-01-29T20:03:35.386Z
2227,BenchmarkTest02227,xss,true,79,2026-01-29T20:03:35.387Z,2026-01-29T20:03:35.387Z
2228,BenchmarkTest02228,xss,true,79,2026-01-29T20:03:35.388Z,2026-01-29T20:03:35.388Z
2229,BenchmarkTest02229,xss,false,79,2026-01-29T20:03:35.391Z,2026-01-29T20:03:35.391Z
2230,BenchmarkTest02230,xss,true,79,2026-01-29T20:03:35.393Z,2026-01-29T20:03:35.393Z
2231,BenchmarkTest02231,xss,false,79,2026-01-29T20:03:35.394Z,2026-01-29T20:03:35.394Z
2232,BenchmarkTest02232,xss,true,79,2026-01-29T20:03:35.395Z,2026-01-29T20:03:35.395Z
2233,BenchmarkTest02233,xss,false,79,2026-01-29T20:03:35.396Z,2026-01-29T20:03:35.396Z
2234,BenchmarkTest02234,xss,true,79,2026-01-29T20:03:35.397Z,2026-01-29T20:03:35.397Z
2235,BenchmarkTest02235,xss,false,79,2026-01-29T20:03:35.398Z,2026-01-29T20:03:35.398Z
2236,BenchmarkTest02236,xss,false,79,2026-01-29T20:03:35.400Z,2026-01-29T20:03:35.400Z
2237,BenchmarkTest02237,xss,false,79,2026-01-29T20:03:35.401Z,2026-01-29T20:03:35.401Z
2238,BenchmarkTest02238,xss,false,79,2026-01-29T20:03:35.402Z,2026-01-29T20:03:35.402Z
2239,BenchmarkTest02239,xss,false,79,2026-01-29T20:03:35.403Z,2026-01-29T20:03:35.403Z
2240,BenchmarkTest02240,xss,false,79,2026-01-29T20:03:35.404Z,2026-01-29T20:03:35.404Z
2241,BenchmarkTest02241,xss,true,79,2026-01-29T20:03:35.405Z,2026-01-29T20:03:35.405Z
2242,BenchmarkTest02242,cmdi,false,78,2026-01-29T20:03:35.406Z,2026-01-29T20:03:35.406Z
2243,BenchmarkTest02243,cmdi,true,78,2026-01-29T20:03:35.407Z,2026-01-29T20:03:35.407Z
2244,BenchmarkTest02244,cmdi,true,78,2026-01-29T20:03:35.409Z,2026-01-29T20:03:35.409Z
2245,BenchmarkTest02245,weakrand,true,330,2026-01-29T20:03:35.410Z,2026-01-29T20:03:35.410Z
2246,BenchmarkTest02246,weakrand,true,330,2026-01-29T20:03:35.411Z,2026-01-29T20:03:35.411Z
2247,BenchmarkTest02247,securecookie,false,614,2026-01-29T20:03:35.412Z,2026-01-29T20:03:35.412Z
2248,BenchmarkTest02248,securecookie,false,614,2026-01-29T20:03:35.413Z,2026-01-29T20:03:35.413Z
2249,BenchmarkTest02249,cmdi,true,78,2026-01-29T20:03:35.414Z,2026-01-29T20:03:35.414Z
2250,BenchmarkTest02250,cmdi,true,78,2026-01-29T20:03:35.414Z,2026-01-29T20:03:35.414Z
2251,BenchmarkTest02251,cmdi,true,78,2026-01-29T20:03:35.415Z,2026-01-29T20:03:35.415Z
2252,BenchmarkTest02252,cmdi,false,78,2026-01-29T20:03:35.416Z,2026-01-29T20:03:35.416Z
2253,BenchmarkTest02253,cmdi,false,78,2026-01-29T20:03:35.417Z,2026-01-29T20:03:35.417Z
2254,BenchmarkTest02254,weakrand,false,330,2026-01-29T20:03:35.417Z,2026-01-29T20:03:35.417Z
2255,BenchmarkTest02255,weakrand,false,330,2026-01-29T20:03:35.418Z,2026-01-29T20:03:35.418Z
2256,BenchmarkTest02256,weakrand,false,330,2026-01-29T20:03:35.419Z,2026-01-29T20:03:35.419Z
2257,BenchmarkTest02257,weakrand,false,330,2026-01-29T20:03:35.419Z,2026-01-29T20:03:35.419Z
2258,BenchmarkTest02258,weakrand,false,330,2026-01-29T20:03:35.420Z,2026-01-29T20:03:35.420Z
2259,BenchmarkTest02259,weakrand,false,330,2026-01-29T20:03:35.421Z,2026-01-29T20:03:35.421Z
2260,BenchmarkTest02260,weakrand,false,330,2026-01-29T20:03:35.422Z,2026-01-29T20:03:35.422Z
2261,BenchmarkTest02261,trustbound,true,501,2026-01-29T20:03:35.422Z,2026-01-29T20:03:35.422Z
2262,BenchmarkTest02262,trustbound,true,501,2026-01-29T20:03:35.423Z,2026-01-29T20:03:35.423Z
2263,BenchmarkTest02263,trustbound,true,501,2026-01-29T20:03:35.424Z,2026-01-29T20:03:35.424Z
2264,BenchmarkTest02264,sqli,true,89,2026-01-29T20:03:35.425Z,2026-01-29T20:03:35.425Z
2265,BenchmarkTest02265,sqli,false,89,2026-01-29T20:03:35.425Z,2026-01-29T20:03:35.425Z
2266,BenchmarkTest02266,sqli,false,89,2026-01-29T20:03:35.426Z,2026-01-29T20:03:35.426Z
2267,BenchmarkTest02267,sqli,false,89,2026-01-29T20:03:35.427Z,2026-01-29T20:03:35.427Z
2268,BenchmarkTest02268,sqli,false,89,2026-01-29T20:03:35.431Z,2026-01-29T20:03:35.431Z
2269,BenchmarkTest02269,sqli,true,89,2026-01-29T20:03:35.435Z,2026-01-29T20:03:35.435Z
2270,BenchmarkTest02270,sqli,true,89,2026-01-29T20:03:35.437Z,2026-01-29T20:03:35.437Z
2271,BenchmarkTest02271,sqli,false,89,2026-01-29T20:03:35.440Z,2026-01-29T20:03:35.440Z
2272,BenchmarkTest02272,sqli,true,89,2026-01-29T20:03:35.443Z,2026-01-29T20:03:35.443Z
2273,BenchmarkTest02273,sqli,true,89,2026-01-29T20:03:35.446Z,2026-01-29T20:03:35.446Z
2274,BenchmarkTest02274,sqli,false,89,2026-01-29T20:03:35.449Z,2026-01-29T20:03:35.449Z
2275,BenchmarkTest02275,sqli,true,89,2026-01-29T20:03:35.451Z,2026-01-29T20:03:35.451Z
2276,BenchmarkTest02276,sqli,false,89,2026-01-29T20:03:35.452Z,2026-01-29T20:03:35.452Z
2277,BenchmarkTest02277,sqli,true,89,2026-01-29T20:03:35.453Z,2026-01-29T20:03:35.453Z
2278,BenchmarkTest02278,sqli,false,89,2026-01-29T20:03:35.454Z,2026-01-29T20:03:35.454Z
2279,BenchmarkTest02279,sqli,false,89,2026-01-29T20:03:35.455Z,2026-01-29T20:03:35.455Z
2280,BenchmarkTest02280,sqli,false,89,2026-01-29T20:03:35.457Z,2026-01-29T20:03:35.457Z
2281,BenchmarkTest02281,sqli,true,89,2026-01-29T20:03:35.459Z,2026-01-29T20:03:35.459Z
2282,BenchmarkTest02282,sqli,false,89,2026-01-29T20:03:35.460Z,2026-01-29T20:03:35.460Z
2283,BenchmarkTest02283,sqli,false,89,2026-01-29T20:03:35.461Z,2026-01-29T20:03:35.461Z
2284,BenchmarkTest02284,sqli,true,89,2026-01-29T20:03:35.462Z,2026-01-29T20:03:35.462Z
2285,BenchmarkTest02285,sqli,false,89,2026-01-29T20:03:35.463Z,2026-01-29T20:03:35.463Z
2286,BenchmarkTest02286,sqli,true,89,2026-01-29T20:03:35.464Z,2026-01-29T20:03:35.464Z
2287,BenchmarkTest02287,sqli,true,89,2026-01-29T20:03:35.465Z,2026-01-29T20:03:35.465Z
2288,BenchmarkTest02288,sqli,true,89,2026-01-29T20:03:35.465Z,2026-01-29T20:03:35.465Z
2289,BenchmarkTest02289,crypto,false,327,2026-01-29T20:03:35.466Z,2026-01-29T20:03:35.466Z
2290,BenchmarkTest02290,crypto,true,327,2026-01-29T20:03:35.467Z,2026-01-29T20:03:35.467Z
2291,BenchmarkTest02291,crypto,true,327,2026-01-29T20:03:35.468Z,2026-01-29T20:03:35.468Z
2292,BenchmarkTest02292,crypto,true,327,2026-01-29T20:03:35.469Z,2026-01-29T20:03:35.469Z
2293,BenchmarkTest02293,crypto,true,327,2026-01-29T20:03:35.470Z,2026-01-29T20:03:35.470Z
2294,BenchmarkTest02294,crypto,true,327,2026-01-29T20:03:35.471Z,2026-01-29T20:03:35.471Z
2295,BenchmarkTest02295,crypto,true,327,2026-01-29T20:03:35.471Z,2026-01-29T20:03:35.471Z
2296,BenchmarkTest02296,crypto,false,327,2026-01-29T20:03:35.472Z,2026-01-29T20:03:35.472Z
2297,BenchmarkTest02297,crypto,false,327,2026-01-29T20:03:35.473Z,2026-01-29T20:03:35.473Z
2298,BenchmarkTest02298,crypto,false,327,2026-01-29T20:03:35.474Z,2026-01-29T20:03:35.474Z
2299,BenchmarkTest02299,ldapi,true,90,2026-01-29T20:03:35.475Z,2026-01-29T20:03:35.475Z
2300,BenchmarkTest02300,pathtraver,false,22,2026-01-29T20:03:35.476Z,2026-01-29T20:03:35.476Z
2301,BenchmarkTest02301,pathtraver,false,22,2026-01-29T20:03:35.477Z,2026-01-29T20:03:35.477Z
2302,BenchmarkTest02302,pathtraver,true,22,2026-01-29T20:03:35.478Z,2026-01-29T20:03:35.478Z
2303,BenchmarkTest02303,pathtraver,true,22,2026-01-29T20:03:35.478Z,2026-01-29T20:03:35.478Z
2304,BenchmarkTest02304,pathtraver,true,22,2026-01-29T20:03:35.479Z,2026-01-29T20:03:35.479Z
2305,BenchmarkTest02305,ldapi,true,90,2026-01-29T20:03:35.480Z,2026-01-29T20:03:35.480Z
2306,BenchmarkTest02306,ldapi,true,90,2026-01-29T20:03:35.481Z,2026-01-29T20:03:35.481Z
2307,BenchmarkTest02307,hash,true,328,2026-01-29T20:03:35.482Z,2026-01-29T20:03:35.482Z
2308,BenchmarkTest02308,hash,true,328,2026-01-29T20:03:35.482Z,2026-01-29T20:03:35.482Z
2309,BenchmarkTest02309,hash,false,328,2026-01-29T20:03:35.483Z,2026-01-29T20:03:35.483Z
2310,BenchmarkTest02310,hash,false,328,2026-01-29T20:03:35.484Z,2026-01-29T20:03:35.484Z
2311,BenchmarkTest02311,hash,true,328,2026-01-29T20:03:35.485Z,2026-01-29T20:03:35.485Z
2312,BenchmarkTest02312,hash,false,328,2026-01-29T20:03:35.486Z,2026-01-29T20:03:35.486Z
2313,BenchmarkTest02313,xss,false,79,2026-01-29T20:03:35.486Z,2026-01-29T20:03:35.486Z
2314,BenchmarkTest02314,xss,true,79,2026-01-29T20:03:35.487Z,2026-01-29T20:03:35.487Z
2315,BenchmarkTest02315,xss,true,79,2026-01-29T20:03:35.488Z,2026-01-29T20:03:35.488Z
2316,BenchmarkTest02316,xss,true,79,2026-01-29T20:03:35.489Z,2026-01-29T20:03:35.489Z
2317,BenchmarkTest02317,xss,true,79,2026-01-29T20:03:35.489Z,2026-01-29T20:03:35.489Z
2318,BenchmarkTest02318,xss,false,79,2026-01-29T20:03:35.490Z,2026-01-29T20:03:35.490Z
2319,BenchmarkTest02319,xss,false,79,2026-01-29T20:03:35.491Z,2026-01-29T20:03:35.491Z
2320,BenchmarkTest02320,xss,false,79,2026-01-29T20:03:35.492Z,2026-01-29T20:03:35.492Z
2321,BenchmarkTest02321,xss,true,79,2026-01-29T20:03:35.493Z,2026-01-29T20:03:35.493Z
2322,BenchmarkTest02322,xss,true,79,2026-01-29T20:03:35.494Z,2026-01-29T20:03:35.494Z
2323,BenchmarkTest02323,xss,true,79,2026-01-29T20:03:35.494Z,2026-01-29T20:03:35.494Z
2324,BenchmarkTest02324,xss,true,79,2026-01-29T20:03:35.495Z,2026-01-29T20:03:35.495Z
2325,BenchmarkTest02325,xss,false,79,2026-01-29T20:03:35.496Z,2026-01-29T20:03:35.496Z
2326,BenchmarkTest02326,xss,true,79,2026-01-29T20:03:35.497Z,2026-01-29T20:03:35.497Z
2327,BenchmarkTest02327,xss,true,79,2026-01-29T20:03:35.498Z,2026-01-29T20:03:35.498Z
2328,BenchmarkTest02328,xss,true,79,2026-01-29T20:03:35.499Z,2026-01-29T20:03:35.499Z
2329,BenchmarkTest02329,xss,false,79,2026-01-29T20:03:35.499Z,2026-01-29T20:03:35.499Z
2330,BenchmarkTest02330,xss,false,79,2026-01-29T20:03:35.500Z,2026-01-29T20:03:35.500Z
2331,BenchmarkTest02331,xss,false,79,2026-01-29T20:03:35.503Z,2026-01-29T20:03:35.503Z
2332,BenchmarkTest02332,xss,true,79,2026-01-29T20:03:35.504Z,2026-01-29T20:03:35.504Z
2333,BenchmarkTest02333,cmdi,true,78,2026-01-29T20:03:35.504Z,2026-01-29T20:03:35.504Z
2334,BenchmarkTest02334,cmdi,true,78,2026-01-29T20:03:35.505Z,2026-01-29T20:03:35.505Z
2335,BenchmarkTest02335,cmdi,false,78,2026-01-29T20:03:35.506Z,2026-01-29T20:03:35.506Z
2336,BenchmarkTest02336,cmdi,false,78,2026-01-29T20:03:35.507Z,2026-01-29T20:03:35.507Z
2337,BenchmarkTest02337,weakrand,true,330,2026-01-29T20:03:35.507Z,2026-01-29T20:03:35.507Z
2338,BenchmarkTest02338,weakrand,true,330,2026-01-29T20:03:35.508Z,2026-01-29T20:03:35.508Z
2339,BenchmarkTest02339,securecookie,true,614,2026-01-29T20:03:35.509Z,2026-01-29T20:03:35.509Z
2340,BenchmarkTest02340,cmdi,false,78,2026-01-29T20:03:35.510Z,2026-01-29T20:03:35.510Z
2341,BenchmarkTest02341,cmdi,false,78,2026-01-29T20:03:35.510Z,2026-01-29T20:03:35.510Z
2342,BenchmarkTest02342,cmdi,true,78,2026-01-29T20:03:35.511Z,2026-01-29T20:03:35.511Z
2343,BenchmarkTest02343,cmdi,true,78,2026-01-29T20:03:35.512Z,2026-01-29T20:03:35.512Z
2344,BenchmarkTest02344,cmdi,true,78,2026-01-29T20:03:35.512Z,2026-01-29T20:03:35.512Z
2345,BenchmarkTest02345,weakrand,false,330,2026-01-29T20:03:35.513Z,2026-01-29T20:03:35.513Z
2346,BenchmarkTest02346,weakrand,false,330,2026-01-29T20:03:35.514Z,2026-01-29T20:03:35.514Z
2347,BenchmarkTest02347,weakrand,false,330,2026-01-29T20:03:35.515Z,2026-01-29T20:03:35.515Z
2348,BenchmarkTest02348,weakrand,false,330,2026-01-29T20:03:35.516Z,2026-01-29T20:03:35.516Z
2349,BenchmarkTest02349,weakrand,false,330,2026-01-29T20:03:35.518Z,2026-01-29T20:03:35.518Z
2350,BenchmarkTest02350,weakrand,false,330,2026-01-29T20:03:35.521Z,2026-01-29T20:03:35.521Z
2351,BenchmarkTest02351,weakrand,false,330,2026-01-29T20:03:35.524Z,2026-01-29T20:03:35.524Z
2352,BenchmarkTest02352,trustbound,true,501,2026-01-29T20:03:35.527Z,2026-01-29T20:03:35.527Z
2353,BenchmarkTest02353,sqli,false,89,2026-01-29T20:03:35.529Z,2026-01-29T20:03:35.529Z
2354,BenchmarkTest02354,sqli,true,89,2026-01-29T20:03:35.530Z,2026-01-29T20:03:35.530Z
2355,BenchmarkTest02355,sqli,true,89,2026-01-29T20:03:35.531Z,2026-01-29T20:03:35.531Z
2356,BenchmarkTest02356,sqli,true,89,2026-01-29T20:03:35.532Z,2026-01-29T20:03:35.532Z
2357,BenchmarkTest02357,sqli,true,89,2026-01-29T20:03:35.533Z,2026-01-29T20:03:35.533Z
2358,BenchmarkTest02358,sqli,true,89,2026-01-29T20:03:35.534Z,2026-01-29T20:03:35.534Z
2359,BenchmarkTest02359,sqli,true,89,2026-01-29T20:03:35.535Z,2026-01-29T20:03:35.535Z
2360,BenchmarkTest02360,sqli,true,89,2026-01-29T20:03:35.536Z,2026-01-29T20:03:35.536Z
2361,BenchmarkTest02361,sqli,false,89,2026-01-29T20:03:35.537Z,2026-01-29T20:03:35.537Z
2362,BenchmarkTest02362,sqli,true,89,2026-01-29T20:03:35.538Z,2026-01-29T20:03:35.538Z
2363,BenchmarkTest02363,sqli,false,89,2026-01-29T20:03:35.539Z,2026-01-29T20:03:35.539Z
2364,BenchmarkTest02364,sqli,true,89,2026-01-29T20:03:35.540Z,2026-01-29T20:03:35.540Z
2365,BenchmarkTest02365,sqli,false,89,2026-01-29T20:03:35.540Z,2026-01-29T20:03:35.540Z
2366,BenchmarkTest02366,sqli,false,89,2026-01-29T20:03:35.541Z,2026-01-29T20:03:35.541Z
2367,BenchmarkTest02367,sqli,false,89,2026-01-29T20:03:35.542Z,2026-01-29T20:03:35.542Z
2368,BenchmarkTest02368,sqli,false,89,2026-01-29T20:03:35.543Z,2026-01-29T20:03:35.543Z
2369,BenchmarkTest02369,sqli,true,89,2026-01-29T20:03:35.544Z,2026-01-29T20:03:35.544Z
2370,BenchmarkTest02370,xpathi,false,643,2026-01-29T20:03:35.545Z,2026-01-29T20:03:35.545Z
2371,BenchmarkTest02371,crypto,false,327,2026-01-29T20:03:35.546Z,2026-01-29T20:03:35.546Z
2372,BenchmarkTest02372,crypto,false,327,2026-01-29T20:03:35.547Z,2026-01-29T20:03:35.547Z
2373,BenchmarkTest02373,crypto,true,327,2026-01-29T20:03:35.547Z,2026-01-29T20:03:35.547Z
2374,BenchmarkTest02374,crypto,true,327,2026-01-29T20:03:35.548Z,2026-01-29T20:03:35.548Z
2375,BenchmarkTest02375,crypto,true,327,2026-01-29T20:03:35.549Z,2026-01-29T20:03:35.549Z
2376,BenchmarkTest02376,ldapi,false,90,2026-01-29T20:03:35.550Z,2026-01-29T20:03:35.550Z
2377,BenchmarkTest02377,pathtraver,true,22,2026-01-29T20:03:35.551Z,2026-01-29T20:03:35.551Z
2378,BenchmarkTest02378,pathtraver,true,22,2026-01-29T20:03:35.552Z,2026-01-29T20:03:35.552Z
2379,BenchmarkTest02379,pathtraver,false,22,2026-01-29T20:03:35.553Z,2026-01-29T20:03:35.553Z
2380,BenchmarkTest02380,pathtraver,false,22,2026-01-29T20:03:35.554Z,2026-01-29T20:03:35.554Z
2381,BenchmarkTest02381,pathtraver,false,22,2026-01-29T20:03:35.555Z,2026-01-29T20:03:35.555Z
2382,BenchmarkTest02382,pathtraver,false,22,2026-01-29T20:03:35.558Z,2026-01-29T20:03:35.558Z
2383,BenchmarkTest02383,pathtraver,true,22,2026-01-29T20:03:35.560Z,2026-01-29T20:03:35.560Z
2384,BenchmarkTest02384,ldapi,false,90,2026-01-29T20:03:35.561Z,2026-01-29T20:03:35.561Z
2385,BenchmarkTest02385,hash,true,328,2026-01-29T20:03:35.562Z,2026-01-29T20:03:35.562Z
2386,BenchmarkTest02386,hash,true,328,2026-01-29T20:03:35.563Z,2026-01-29T20:03:35.563Z
2387,BenchmarkTest02387,hash,true,328,2026-01-29T20:03:35.564Z,2026-01-29T20:03:35.564Z
2388,BenchmarkTest02388,hash,true,328,2026-01-29T20:03:35.565Z,2026-01-29T20:03:35.565Z
2389,BenchmarkTest02389,hash,false,328,2026-01-29T20:03:35.566Z,2026-01-29T20:03:35.566Z
2390,BenchmarkTest02390,hash,false,328,2026-01-29T20:03:35.568Z,2026-01-29T20:03:35.568Z
2391,BenchmarkTest02391,hash,true,328,2026-01-29T20:03:35.569Z,2026-01-29T20:03:35.569Z
2392,BenchmarkTest02392,hash,true,328,2026-01-29T20:03:35.570Z,2026-01-29T20:03:35.570Z
2393,BenchmarkTest02393,hash,true,328,2026-01-29T20:03:35.571Z,2026-01-29T20:03:35.571Z
2394,BenchmarkTest02394,xss,false,79,2026-01-29T20:03:35.572Z,2026-01-29T20:03:35.572Z
2395,BenchmarkTest02395,xss,true,79,2026-01-29T20:03:35.573Z,2026-01-29T20:03:35.573Z
2396,BenchmarkTest02396,xss,true,79,2026-01-29T20:03:35.574Z,2026-01-29T20:03:35.574Z
2397,BenchmarkTest02397,xss,true,79,2026-01-29T20:03:35.575Z,2026-01-29T20:03:35.575Z
2398,BenchmarkTest02398,xss,false,79,2026-01-29T20:03:35.576Z,2026-01-29T20:03:35.576Z
2399,BenchmarkTest02399,xss,true,79,2026-01-29T20:03:35.577Z,2026-01-29T20:03:35.577Z
2400,BenchmarkTest02400,xss,true,79,2026-01-29T20:03:35.578Z,2026-01-29T20:03:35.578Z
2401,BenchmarkTest02401,xss,false,79,2026-01-29T20:03:35.579Z,2026-01-29T20:03:35.579Z
2402,BenchmarkTest02402,xss,true,79,2026-01-29T20:03:35.580Z,2026-01-29T20:03:35.580Z
2403,BenchmarkTest02403,xss,true,79,2026-01-29T20:03:35.581Z,2026-01-29T20:03:35.581Z
2404,BenchmarkTest02404,xss,false,79,2026-01-29T20:03:35.582Z,2026-01-29T20:03:35.582Z
2405,BenchmarkTest02405,xss,true,79,2026-01-29T20:03:35.583Z,2026-01-29T20:03:35.583Z
2406,BenchmarkTest02406,xss,false,79,2026-01-29T20:03:35.584Z,2026-01-29T20:03:35.584Z
2407,BenchmarkTest02407,xss,true,79,2026-01-29T20:03:35.585Z,2026-01-29T20:03:35.585Z
2408,BenchmarkTest02408,xss,false,79,2026-01-29T20:03:35.586Z,2026-01-29T20:03:35.586Z
2409,BenchmarkTest02409,xss,true,79,2026-01-29T20:03:35.587Z,2026-01-29T20:03:35.587Z
2410,BenchmarkTest02410,xss,true,79,2026-01-29T20:03:35.588Z,2026-01-29T20:03:35.588Z
2411,BenchmarkTest02411,cmdi,true,78,2026-01-29T20:03:35.589Z,2026-01-29T20:03:35.589Z
2412,BenchmarkTest02412,cmdi,true,78,2026-01-29T20:03:35.590Z,2026-01-29T20:03:35.590Z
2413,BenchmarkTest02413,cmdi,false,78,2026-01-29T20:03:35.591Z,2026-01-29T20:03:35.591Z
2414,BenchmarkTest02414,cmdi,true,78,2026-01-29T20:03:35.591Z,2026-01-29T20:03:35.591Z
2415,BenchmarkTest02415,weakrand,true,330,2026-01-29T20:03:35.592Z,2026-01-29T20:03:35.592Z
2416,BenchmarkTest02416,weakrand,true,330,2026-01-29T20:03:35.594Z,2026-01-29T20:03:35.594Z
2417,BenchmarkTest02417,weakrand,true,330,2026-01-29T20:03:35.595Z,2026-01-29T20:03:35.595Z
2418,BenchmarkTest02418,weakrand,true,330,2026-01-29T20:03:35.595Z,2026-01-29T20:03:35.595Z
2419,BenchmarkTest02419,weakrand,true,330,2026-01-29T20:03:35.596Z,2026-01-29T20:03:35.596Z
2420,BenchmarkTest02420,weakrand,true,330,2026-01-29T20:03:35.597Z,2026-01-29T20:03:35.597Z
2421,BenchmarkTest02421,weakrand,true,330,2026-01-29T20:03:35.598Z,2026-01-29T20:03:35.598Z
2422,BenchmarkTest02422,weakrand,true,330,2026-01-29T20:03:35.599Z,2026-01-29T20:03:35.599Z
2423,BenchmarkTest02423,weakrand,true,330,2026-01-29T20:03:35.600Z,2026-01-29T20:03:35.600Z
2424,BenchmarkTest02424,weakrand,true,330,2026-01-29T20:03:35.601Z,2026-01-29T20:03:35.601Z
2425,BenchmarkTest02425,weakrand,true,330,2026-01-29T20:03:35.602Z,2026-01-29T20:03:35.602Z
2426,BenchmarkTest02426,weakrand,true,330,2026-01-29T20:03:35.603Z,2026-01-29T20:03:35.603Z
2427,BenchmarkTest02427,securecookie,true,614,2026-01-29T20:03:35.604Z,2026-01-29T20:03:35.604Z
2428,BenchmarkTest02428,cmdi,false,78,2026-01-29T20:03:35.605Z,2026-01-29T20:03:35.605Z
2429,BenchmarkTest02429,cmdi,true,78,2026-01-29T20:03:35.606Z,2026-01-29T20:03:35.606Z
2430,BenchmarkTest02430,cmdi,true,78,2026-01-29T20:03:35.608Z,2026-01-29T20:03:35.608Z
2431,BenchmarkTest02431,cmdi,true,78,2026-01-29T20:03:35.609Z,2026-01-29T20:03:35.609Z
2432,BenchmarkTest02432,cmdi,true,78,2026-01-29T20:03:35.610Z,2026-01-29T20:03:35.610Z
2433,BenchmarkTest02433,cmdi,true,78,2026-01-29T20:03:35.613Z,2026-01-29T20:03:35.613Z
2434,BenchmarkTest02434,weakrand,false,330,2026-01-29T20:03:35.643Z,2026-01-29T20:03:35.643Z
2435,BenchmarkTest02435,weakrand,false,330,2026-01-29T20:03:35.674Z,2026-01-29T20:03:35.674Z
2436,BenchmarkTest02436,weakrand,false,330,2026-01-29T20:03:35.700Z,2026-01-29T20:03:35.700Z
2437,BenchmarkTest02437,weakrand,false,330,2026-01-29T20:03:35.726Z,2026-01-29T20:03:35.726Z
2438,BenchmarkTest02438,weakrand,false,330,2026-01-29T20:03:35.745Z,2026-01-29T20:03:35.745Z
2439,BenchmarkTest02439,weakrand,false,330,2026-01-29T20:03:35.781Z,2026-01-29T20:03:35.781Z
2440,BenchmarkTest02440,weakrand,false,330,2026-01-29T20:03:35.804Z,2026-01-29T20:03:35.804Z
2441,BenchmarkTest02441,weakrand,false,330,2026-01-29T20:03:35.837Z,2026-01-29T20:03:35.837Z
2442,BenchmarkTest02442,weakrand,false,330,2026-01-29T20:03:35.877Z,2026-01-29T20:03:35.877Z
2443,BenchmarkTest02443,weakrand,false,330,2026-01-29T20:03:35.923Z,2026-01-29T20:03:35.923Z
2444,BenchmarkTest02444,weakrand,false,330,2026-01-29T20:03:35.956Z,2026-01-29T20:03:35.956Z
2445,BenchmarkTest02445,weakrand,false,330,2026-01-29T20:03:35.990Z,2026-01-29T20:03:35.990Z
2446,BenchmarkTest02446,trustbound,true,501,2026-01-29T20:03:36.024Z,2026-01-29T20:03:36.024Z
2447,BenchmarkTest02447,trustbound,false,501,2026-01-29T20:03:36.055Z,2026-01-29T20:03:36.055Z
2448,BenchmarkTest02448,trustbound,true,501,2026-01-29T20:03:36.105Z,2026-01-29T20:03:36.105Z
2449,BenchmarkTest02449,sqli,true,89,2026-01-29T20:03:36.122Z,2026-01-29T20:03:36.122Z
2450,BenchmarkTest02450,sqli,false,89,2026-01-29T20:03:36.143Z,2026-01-29T20:03:36.143Z
2451,BenchmarkTest02451,sqli,true,89,2026-01-29T20:03:36.164Z,2026-01-29T20:03:36.164Z
2452,BenchmarkTest02452,sqli,false,89,2026-01-29T20:03:36.183Z,2026-01-29T20:03:36.183Z
2453,BenchmarkTest02453,sqli,true,89,2026-01-29T20:03:36.204Z,2026-01-29T20:03:36.204Z
2454,BenchmarkTest02454,sqli,true,89,2026-01-29T20:03:36.216Z,2026-01-29T20:03:36.216Z
2455,BenchmarkTest02455,sqli,true,89,2026-01-29T20:03:36.217Z,2026-01-29T20:03:36.217Z
2456,BenchmarkTest02456,sqli,false,89,2026-01-29T20:03:36.219Z,2026-01-29T20:03:36.219Z
2457,BenchmarkTest02457,xpathi,false,643,2026-01-29T20:03:36.220Z,2026-01-29T20:03:36.220Z
2458,BenchmarkTest02458,crypto,true,327,2026-01-29T20:03:36.221Z,2026-01-29T20:03:36.221Z
2459,BenchmarkTest02459,crypto,false,327,2026-01-29T20:03:36.222Z,2026-01-29T20:03:36.222Z
2460,BenchmarkTest02460,crypto,false,327,2026-01-29T20:03:36.223Z,2026-01-29T20:03:36.223Z
2461,BenchmarkTest02461,crypto,false,327,2026-01-29T20:03:36.224Z,2026-01-29T20:03:36.224Z
2462,BenchmarkTest02462,pathtraver,false,22,2026-01-29T20:03:36.225Z,2026-01-29T20:03:36.225Z
2463,BenchmarkTest02463,pathtraver,true,22,2026-01-29T20:03:36.226Z,2026-01-29T20:03:36.226Z
2464,BenchmarkTest02464,pathtraver,false,22,2026-01-29T20:03:36.227Z,2026-01-29T20:03:36.227Z
2465,BenchmarkTest02465,pathtraver,true,22,2026-01-29T20:03:36.228Z,2026-01-29T20:03:36.228Z
2466,BenchmarkTest02466,pathtraver,true,22,2026-01-29T20:03:36.229Z,2026-01-29T20:03:36.229Z
2467,BenchmarkTest02467,pathtraver,false,22,2026-01-29T20:03:36.230Z,2026-01-29T20:03:36.230Z
2468,BenchmarkTest02468,pathtraver,false,22,2026-01-29T20:03:36.231Z,2026-01-29T20:03:36.231Z
2469,BenchmarkTest02469,pathtraver,true,22,2026-01-29T20:03:36.232Z,2026-01-29T20:03:36.232Z
2470,BenchmarkTest02470,pathtraver,false,22,2026-01-29T20:03:36.234Z,2026-01-29T20:03:36.234Z
2471,BenchmarkTest02471,pathtraver,false,22,2026-01-29T20:03:36.236Z,2026-01-29T20:03:36.236Z
2472,BenchmarkTest02472,ldapi,true,90,2026-01-29T20:03:36.240Z,2026-01-29T20:03:36.240Z
2473,BenchmarkTest02473,weakrand,true,330,2026-01-29T20:03:36.244Z,2026-01-29T20:03:36.244Z
2474,BenchmarkTest02474,hash,true,328,2026-01-29T20:03:36.247Z,2026-01-29T20:03:36.247Z
2475,BenchmarkTest02475,hash,true,328,2026-01-29T20:03:36.250Z,2026-01-29T20:03:36.250Z
2476,BenchmarkTest02476,hash,true,328,2026-01-29T20:03:36.253Z,2026-01-29T20:03:36.253Z
2477,BenchmarkTest02477,hash,false,328,2026-01-29T20:03:36.256Z,2026-01-29T20:03:36.256Z
2478,BenchmarkTest02478,hash,true,328,2026-01-29T20:03:36.260Z,2026-01-29T20:03:36.260Z
2479,BenchmarkTest02479,hash,false,328,2026-01-29T20:03:36.264Z,2026-01-29T20:03:36.264Z
2480,BenchmarkTest02480,xss,true,79,2026-01-29T20:03:36.267Z,2026-01-29T20:03:36.267Z
2481,BenchmarkTest02481,xss,false,79,2026-01-29T20:03:36.270Z,2026-01-29T20:03:36.270Z
2482,BenchmarkTest02482,xss,false,79,2026-01-29T20:03:36.273Z,2026-01-29T20:03:36.273Z
2483,BenchmarkTest02483,xss,true,79,2026-01-29T20:03:36.276Z,2026-01-29T20:03:36.276Z
2484,BenchmarkTest02484,xss,false,79,2026-01-29T20:03:36.279Z,2026-01-29T20:03:36.279Z
2485,BenchmarkTest02485,xss,false,79,2026-01-29T20:03:36.284Z,2026-01-29T20:03:36.284Z
2486,BenchmarkTest02486,xss,true,79,2026-01-29T20:03:36.288Z,2026-01-29T20:03:36.288Z
2487,BenchmarkTest02487,xss,true,79,2026-01-29T20:03:36.292Z,2026-01-29T20:03:36.292Z
2488,BenchmarkTest02488,xss,false,79,2026-01-29T20:03:36.296Z,2026-01-29T20:03:36.296Z
2489,BenchmarkTest02489,xss,true,79,2026-01-29T20:03:36.301Z,2026-01-29T20:03:36.301Z
2490,BenchmarkTest02490,xss,false,79,2026-01-29T20:03:36.306Z,2026-01-29T20:03:36.306Z
2491,BenchmarkTest02491,xss,false,79,2026-01-29T20:03:36.308Z,2026-01-29T20:03:36.308Z
2492,BenchmarkTest02492,xss,false,79,2026-01-29T20:03:36.313Z,2026-01-29T20:03:36.313Z
2493,BenchmarkTest02493,xss,true,79,2026-01-29T20:03:36.317Z,2026-01-29T20:03:36.317Z
2494,BenchmarkTest02494,xss,true,79,2026-01-29T20:03:36.321Z,2026-01-29T20:03:36.321Z
2495,BenchmarkTest02495,xss,false,79,2026-01-29T20:03:36.323Z,2026-01-29T20:03:36.323Z
2496,BenchmarkTest02496,cmdi,true,78,2026-01-29T20:03:36.324Z,2026-01-29T20:03:36.324Z
2497,BenchmarkTest02497,weakrand,true,330,2026-01-29T20:03:36.326Z,2026-01-29T20:03:36.326Z
2498,BenchmarkTest02498,weakrand,true,330,2026-01-29T20:03:36.327Z,2026-01-29T20:03:36.327Z
2499,BenchmarkTest02499,weakrand,true,330,2026-01-29T20:03:36.329Z,2026-01-29T20:03:36.329Z
2500,BenchmarkTest02500,weakrand,true,330,2026-01-29T20:03:36.330Z,2026-01-29T20:03:36.330Z
2501,BenchmarkTest02501,weakrand,true,330,2026-01-29T20:03:36.332Z,2026-01-29T20:03:36.332Z
2502,BenchmarkTest02502,weakrand,true,330,2026-01-29T20:03:36.337Z,2026-01-29T20:03:36.337Z
2503,BenchmarkTest02503,weakrand,true,330,2026-01-29T20:03:36.339Z,2026-01-29T20:03:36.339Z
2504,BenchmarkTest02504,weakrand,true,330,2026-01-29T20:03:36.340Z,2026-01-29T20:03:36.340Z
2505,BenchmarkTest02505,weakrand,true,330,2026-01-29T20:03:36.342Z,2026-01-29T20:03:36.342Z
2506,BenchmarkTest02506,weakrand,true,330,2026-01-29T20:03:36.343Z,2026-01-29T20:03:36.343Z
2507,BenchmarkTest02507,securecookie,true,614,2026-01-29T20:03:36.345Z,2026-01-29T20:03:36.345Z
2508,BenchmarkTest02508,securecookie,false,614,2026-01-29T20:03:36.346Z,2026-01-29T20:03:36.346Z
2509,BenchmarkTest02509,xss,false,79,2026-01-29T20:03:36.347Z,2026-01-29T20:03:36.347Z
2510,BenchmarkTest02510,cmdi,false,78,2026-01-29T20:03:36.349Z,2026-01-29T20:03:36.349Z
2511,BenchmarkTest02511,cmdi,true,78,2026-01-29T20:03:36.350Z,2026-01-29T20:03:36.350Z
2512,BenchmarkTest02512,cmdi,true,78,2026-01-29T20:03:36.351Z,2026-01-29T20:03:36.351Z
2513,BenchmarkTest02513,cmdi,false,78,2026-01-29T20:03:36.353Z,2026-01-29T20:03:36.353Z
2514,BenchmarkTest02514,cmdi,true,78,2026-01-29T20:03:36.354Z,2026-01-29T20:03:36.354Z
2515,BenchmarkTest02515,cmdi,true,78,2026-01-29T20:03:36.356Z,2026-01-29T20:03:36.356Z
2516,BenchmarkTest02516,cmdi,true,78,2026-01-29T20:03:36.357Z,2026-01-29T20:03:36.357Z
2517,BenchmarkTest02517,cmdi,true,78,2026-01-29T20:03:36.358Z,2026-01-29T20:03:36.358Z
2518,BenchmarkTest02518,cmdi,false,78,2026-01-29T20:03:36.360Z,2026-01-29T20:03:36.360Z
2519,BenchmarkTest02519,weakrand,false,330,2026-01-29T20:03:36.361Z,2026-01-29T20:03:36.361Z
2520,BenchmarkTest02520,weakrand,false,330,2026-01-29T20:03:36.362Z,2026-01-29T20:03:36.362Z
2521,BenchmarkTest02521,weakrand,false,330,2026-01-29T20:03:36.363Z,2026-01-29T20:03:36.363Z
2522,BenchmarkTest02522,weakrand,false,330,2026-01-29T20:03:36.364Z,2026-01-29T20:03:36.364Z
2523,BenchmarkTest02523,trustbound,false,501,2026-01-29T20:03:36.365Z,2026-01-29T20:03:36.365Z
2524,BenchmarkTest02524,trustbound,true,501,2026-01-29T20:03:36.366Z,2026-01-29T20:03:36.366Z
2525,BenchmarkTest02525,trustbound,true,501,2026-01-29T20:03:36.368Z,2026-01-29T20:03:36.368Z
2526,BenchmarkTest02526,trustbound,true,501,2026-01-29T20:03:36.369Z,2026-01-29T20:03:36.369Z
2527,BenchmarkTest02527,trustbound,true,501,2026-01-29T20:03:36.370Z,2026-01-29T20:03:36.370Z
2528,BenchmarkTest02528,sqli,true,89,2026-01-29T20:03:36.371Z,2026-01-29T20:03:36.371Z
2529,BenchmarkTest02529,sqli,false,89,2026-01-29T20:03:36.372Z,2026-01-29T20:03:36.372Z
2530,BenchmarkTest02530,sqli,true,89,2026-01-29T20:03:36.373Z,2026-01-29T20:03:36.373Z
2531,BenchmarkTest02531,sqli,true,89,2026-01-29T20:03:36.374Z,2026-01-29T20:03:36.374Z
2532,BenchmarkTest02532,sqli,true,89,2026-01-29T20:03:36.376Z,2026-01-29T20:03:36.376Z
2533,BenchmarkTest02533,sqli,true,89,2026-01-29T20:03:36.377Z,2026-01-29T20:03:36.377Z
2534,BenchmarkTest02534,sqli,true,89,2026-01-29T20:03:36.378Z,2026-01-29T20:03:36.378Z
2535,BenchmarkTest02535,sqli,true,89,2026-01-29T20:03:36.379Z,2026-01-29T20:03:36.379Z
2536,BenchmarkTest02536,sqli,false,89,2026-01-29T20:03:36.380Z,2026-01-29T20:03:36.380Z
2537,BenchmarkTest02537,sqli,true,89,2026-01-29T20:03:36.381Z,2026-01-29T20:03:36.381Z
2538,BenchmarkTest02538,sqli,false,89,2026-01-29T20:03:36.383Z,2026-01-29T20:03:36.383Z
2539,BenchmarkTest02539,sqli,false,89,2026-01-29T20:03:36.384Z,2026-01-29T20:03:36.384Z
2540,BenchmarkTest02540,sqli,false,89,2026-01-29T20:03:36.385Z,2026-01-29T20:03:36.385Z
2541,BenchmarkTest02541,sqli,false,89,2026-01-29T20:03:36.386Z,2026-01-29T20:03:36.386Z
2542,BenchmarkTest02542,sqli,true,89,2026-01-29T20:03:36.387Z,2026-01-29T20:03:36.387Z
2543,BenchmarkTest02543,sqli,true,89,2026-01-29T20:03:36.388Z,2026-01-29T20:03:36.388Z
2544,BenchmarkTest02544,sqli,false,89,2026-01-29T20:03:36.389Z,2026-01-29T20:03:36.389Z
2545,BenchmarkTest02545,sqli,true,89,2026-01-29T20:03:36.390Z,2026-01-29T20:03:36.390Z
2546,BenchmarkTest02546,sqli,false,89,2026-01-29T20:03:36.391Z,2026-01-29T20:03:36.391Z
2547,BenchmarkTest02547,crypto,false,327,2026-01-29T20:03:36.393Z,2026-01-29T20:03:36.393Z
2548,BenchmarkTest02548,crypto,true,327,2026-01-29T20:03:36.394Z,2026-01-29T20:03:36.394Z
2549,BenchmarkTest02549,crypto,true,327,2026-01-29T20:03:36.395Z,2026-01-29T20:03:36.395Z
2550,BenchmarkTest02550,crypto,true,327,2026-01-29T20:03:36.396Z,2026-01-29T20:03:36.396Z
2551,BenchmarkTest02551,crypto,false,327,2026-01-29T20:03:36.397Z,2026-01-29T20:03:36.397Z
2552,BenchmarkTest02552,crypto,false,327,2026-01-29T20:03:36.398Z,2026-01-29T20:03:36.398Z
2553,BenchmarkTest02553,ldapi,false,90,2026-01-29T20:03:36.399Z,2026-01-29T20:03:36.399Z
2554,BenchmarkTest02554,pathtraver,false,22,2026-01-29T20:03:36.400Z,2026-01-29T20:03:36.400Z
2555,BenchmarkTest02555,pathtraver,true,22,2026-01-29T20:03:36.401Z,2026-01-29T20:03:36.401Z
2556,BenchmarkTest02556,pathtraver,true,22,2026-01-29T20:03:36.402Z,2026-01-29T20:03:36.402Z
2557,BenchmarkTest02557,pathtraver,false,22,2026-01-29T20:03:36.403Z,2026-01-29T20:03:36.403Z
2558,BenchmarkTest02558,pathtraver,false,22,2026-01-29T20:03:36.406Z,2026-01-29T20:03:36.406Z
2559,BenchmarkTest02559,pathtraver,true,22,2026-01-29T20:03:36.407Z,2026-01-29T20:03:36.407Z
2560,BenchmarkTest02560,pathtraver,true,22,2026-01-29T20:03:36.408Z,2026-01-29T20:03:36.408Z
2561,BenchmarkTest02561,pathtraver,true,22,2026-01-29T20:03:36.409Z,2026-01-29T20:03:36.409Z
2562,BenchmarkTest02562,pathtraver,true,22,2026-01-29T20:03:36.410Z,2026-01-29T20:03:36.410Z
2563,BenchmarkTest02563,pathtraver,false,22,2026-01-29T20:03:36.410Z,2026-01-29T20:03:36.410Z
2564,BenchmarkTest02564,pathtraver,true,22,2026-01-29T20:03:36.412Z,2026-01-29T20:03:36.412Z
2565,BenchmarkTest02565,pathtraver,true,22,2026-01-29T20:03:36.413Z,2026-01-29T20:03:36.413Z
2566,BenchmarkTest02566,pathtraver,false,22,2026-01-29T20:03:36.414Z,2026-01-29T20:03:36.414Z
2567,BenchmarkTest02567,pathtraver,true,22,2026-01-29T20:03:36.415Z,2026-01-29T20:03:36.415Z
2568,BenchmarkTest02568,pathtraver,false,22,2026-01-29T20:03:36.416Z,2026-01-29T20:03:36.416Z
2569,BenchmarkTest02569,pathtraver,true,22,2026-01-29T20:03:36.417Z,2026-01-29T20:03:36.417Z
2570,BenchmarkTest02570,pathtraver,false,22,2026-01-29T20:03:36.418Z,2026-01-29T20:03:36.418Z
2571,BenchmarkTest02571,ldapi,false,90,2026-01-29T20:03:36.419Z,2026-01-29T20:03:36.419Z
2572,BenchmarkTest02572,ldapi,false,90,2026-01-29T20:03:36.420Z,2026-01-29T20:03:36.420Z
2573,BenchmarkTest02573,hash,true,328,2026-01-29T20:03:36.422Z,2026-01-29T20:03:36.422Z
2574,BenchmarkTest02574,hash,true,328,2026-01-29T20:03:36.423Z,2026-01-29T20:03:36.423Z
2575,BenchmarkTest02575,hash,true,328,2026-01-29T20:03:36.424Z,2026-01-29T20:03:36.424Z
2576,BenchmarkTest02576,hash,false,328,2026-01-29T20:03:36.425Z,2026-01-29T20:03:36.425Z
2577,BenchmarkTest02577,hash,true,328,2026-01-29T20:03:36.426Z,2026-01-29T20:03:36.426Z
2578,BenchmarkTest02578,xss,true,79,2026-01-29T20:03:36.427Z,2026-01-29T20:03:36.427Z
2579,BenchmarkTest02579,xss,true,79,2026-01-29T20:03:36.428Z,2026-01-29T20:03:36.428Z
2580,BenchmarkTest02580,xss,true,79,2026-01-29T20:03:36.429Z,2026-01-29T20:03:36.429Z
2581,BenchmarkTest02581,xss,false,79,2026-01-29T20:03:36.430Z,2026-01-29T20:03:36.430Z
2582,BenchmarkTest02582,xss,true,79,2026-01-29T20:03:36.431Z,2026-01-29T20:03:36.431Z
2583,BenchmarkTest02583,xss,true,79,2026-01-29T20:03:36.432Z,2026-01-29T20:03:36.432Z
2584,BenchmarkTest02584,xss,true,79,2026-01-29T20:03:36.433Z,2026-01-29T20:03:36.433Z
2585,BenchmarkTest02585,xss,true,79,2026-01-29T20:03:36.434Z,2026-01-29T20:03:36.434Z
2586,BenchmarkTest02586,xss,true,79,2026-01-29T20:03:36.435Z,2026-01-29T20:03:36.435Z
2587,BenchmarkTest02587,xss,true,79,2026-01-29T20:03:36.436Z,2026-01-29T20:03:36.436Z
2588,BenchmarkTest02588,xss,true,79,2026-01-29T20:03:36.437Z,2026-01-29T20:03:36.437Z
2589,BenchmarkTest02589,xss,false,79,2026-01-29T20:03:36.437Z,2026-01-29T20:03:36.437Z
2590,BenchmarkTest02590,xss,false,79,2026-01-29T20:03:36.438Z,2026-01-29T20:03:36.438Z
2591,BenchmarkTest02591,xss,true,79,2026-01-29T20:03:36.439Z,2026-01-29T20:03:36.439Z
2592,BenchmarkTest02592,xss,true,79,2026-01-29T20:03:36.441Z,2026-01-29T20:03:36.441Z
2593,BenchmarkTest02593,xss,false,79,2026-01-29T20:03:36.442Z,2026-01-29T20:03:36.442Z
2594,BenchmarkTest02594,xss,false,79,2026-01-29T20:03:36.443Z,2026-01-29T20:03:36.443Z
2595,BenchmarkTest02595,xss,true,79,2026-01-29T20:03:36.444Z,2026-01-29T20:03:36.444Z
2596,BenchmarkTest02596,xss,false,79,2026-01-29T20:03:36.446Z,2026-01-29T20:03:36.446Z
2597,BenchmarkTest02597,xss,true,79,2026-01-29T20:03:36.447Z,2026-01-29T20:03:36.447Z
2598,BenchmarkTest02598,xss,true,79,2026-01-29T20:03:36.448Z,2026-01-29T20:03:36.448Z
2599,BenchmarkTest02599,xss,false,79,2026-01-29T20:03:36.449Z,2026-01-29T20:03:36.449Z
2600,BenchmarkTest02600,xss,true,79,2026-01-29T20:03:36.451Z,2026-01-29T20:03:36.451Z
2601,BenchmarkTest02601,xss,false,79,2026-01-29T20:03:36.453Z,2026-01-29T20:03:36.453Z
2602,BenchmarkTest02602,weakrand,true,330,2026-01-29T20:03:36.457Z,2026-01-29T20:03:36.457Z
2603,BenchmarkTest02603,weakrand,true,330,2026-01-29T20:03:36.461Z,2026-01-29T20:03:36.461Z
2604,BenchmarkTest02604,weakrand,true,330,2026-01-29T20:03:36.465Z,2026-01-29T20:03:36.465Z
2605,BenchmarkTest02605,weakrand,true,330,2026-01-29T20:03:36.469Z,2026-01-29T20:03:36.469Z
2606,BenchmarkTest02606,weakrand,true,330,2026-01-29T20:03:36.472Z,2026-01-29T20:03:36.472Z
2607,BenchmarkTest02607,securecookie,false,614,2026-01-29T20:03:36.476Z,2026-01-29T20:03:36.476Z
2608,BenchmarkTest02608,xss,true,79,2026-01-29T20:03:36.479Z,2026-01-29T20:03:36.479Z
2609,BenchmarkTest02609,xss,false,79,2026-01-29T20:03:36.483Z,2026-01-29T20:03:36.483Z
2610,BenchmarkTest02610,cmdi,false,78,2026-01-29T20:03:36.486Z,2026-01-29T20:03:36.486Z
2611,BenchmarkTest02611,cmdi,true,78,2026-01-29T20:03:36.490Z,2026-01-29T20:03:36.490Z
2612,BenchmarkTest02612,cmdi,true,78,2026-01-29T20:03:36.493Z,2026-01-29T20:03:36.493Z
2613,BenchmarkTest02613,cmdi,true,78,2026-01-29T20:03:36.496Z,2026-01-29T20:03:36.496Z
2614,BenchmarkTest02614,weakrand,false,330,2026-01-29T20:03:36.499Z,2026-01-29T20:03:36.499Z
2615,BenchmarkTest02615,weakrand,false,330,2026-01-29T20:03:36.507Z,2026-01-29T20:03:36.507Z
2616,BenchmarkTest02616,weakrand,false,330,2026-01-29T20:03:36.509Z,2026-01-29T20:03:36.509Z
2617,BenchmarkTest02617,weakrand,false,330,2026-01-29T20:03:36.510Z,2026-01-29T20:03:36.510Z
2618,BenchmarkTest02618,weakrand,false,330,2026-01-29T20:03:36.512Z,2026-01-29T20:03:36.512Z
2619,BenchmarkTest02619,weakrand,false,330,2026-01-29T20:03:36.513Z,2026-01-29T20:03:36.513Z
2620,BenchmarkTest02620,weakrand,false,330,2026-01-29T20:03:36.515Z,2026-01-29T20:03:36.515Z
2621,BenchmarkTest02621,weakrand,false,330,2026-01-29T20:03:36.516Z,2026-01-29T20:03:36.516Z
2622,BenchmarkTest02622,trustbound,true,501,2026-01-29T20:03:36.517Z,2026-01-29T20:03:36.517Z
2623,BenchmarkTest02623,trustbound,true,501,2026-01-29T20:03:36.518Z,2026-01-29T20:03:36.518Z
2624,BenchmarkTest02624,trustbound,true,501,2026-01-29T20:03:36.520Z,2026-01-29T20:03:36.520Z
2625,BenchmarkTest02625,sqli,true,89,2026-01-29T20:03:36.521Z,2026-01-29T20:03:36.521Z
2626,BenchmarkTest02626,sqli,false,89,2026-01-29T20:03:36.522Z,2026-01-29T20:03:36.522Z
2627,BenchmarkTest02627,sqli,true,89,2026-01-29T20:03:36.523Z,2026-01-29T20:03:36.523Z
2628,BenchmarkTest02628,sqli,true,89,2026-01-29T20:03:36.524Z,2026-01-29T20:03:36.524Z
2629,BenchmarkTest02629,sqli,false,89,2026-01-29T20:03:36.525Z,2026-01-29T20:03:36.525Z
2630,BenchmarkTest02630,sqli,true,89,2026-01-29T20:03:36.526Z,2026-01-29T20:03:36.526Z
2631,BenchmarkTest02631,sqli,false,89,2026-01-29T20:03:36.528Z,2026-01-29T20:03:36.528Z
2632,BenchmarkTest02632,sqli,true,89,2026-01-29T20:03:36.529Z,2026-01-29T20:03:36.529Z
2633,BenchmarkTest02633,sqli,false,89,2026-01-29T20:03:36.530Z,2026-01-29T20:03:36.530Z
2634,BenchmarkTest02634,sqli,false,89,2026-01-29T20:03:36.531Z,2026-01-29T20:03:36.531Z
2635,BenchmarkTest02635,sqli,true,89,2026-01-29T20:03:36.532Z,2026-01-29T20:03:36.532Z
2636,BenchmarkTest02636,sqli,false,89,2026-01-29T20:03:36.533Z,2026-01-29T20:03:36.533Z
2637,BenchmarkTest02637,sqli,false,89,2026-01-29T20:03:36.535Z,2026-01-29T20:03:36.535Z
2638,BenchmarkTest02638,sqli,true,89,2026-01-29T20:03:36.536Z,2026-01-29T20:03:36.536Z
2639,BenchmarkTest02639,sqli,false,89,2026-01-29T20:03:36.537Z,2026-01-29T20:03:36.537Z
2640,BenchmarkTest02640,sqli,false,89,2026-01-29T20:03:36.538Z,2026-01-29T20:03:36.538Z
2641,BenchmarkTest02641,sqli,true,89,2026-01-29T20:03:36.540Z,2026-01-29T20:03:36.540Z
2642,BenchmarkTest02642,sqli,true,89,2026-01-29T20:03:36.541Z,2026-01-29T20:03:36.541Z
2643,BenchmarkTest02643,sqli,true,89,2026-01-29T20:03:36.542Z,2026-01-29T20:03:36.542Z
2644,BenchmarkTest02644,sqli,true,89,2026-01-29T20:03:36.544Z,2026-01-29T20:03:36.544Z
2645,BenchmarkTest02645,sqli,true,89,2026-01-29T20:03:36.547Z,2026-01-29T20:03:36.547Z
2646,BenchmarkTest02646,sqli,true,89,2026-01-29T20:03:36.551Z,2026-01-29T20:03:36.551Z
2647,BenchmarkTest02647,sqli,true,89,2026-01-29T20:03:36.555Z,2026-01-29T20:03:36.555Z
2648,BenchmarkTest02648,sqli,false,89,2026-01-29T20:03:36.559Z,2026-01-29T20:03:36.559Z
2649,BenchmarkTest02649,sqli,true,89,2026-01-29T20:03:36.565Z,2026-01-29T20:03:36.565Z
2650,BenchmarkTest02650,sqli,true,89,2026-01-29T20:03:36.569Z,2026-01-29T20:03:36.569Z
2651,BenchmarkTest02651,sqli,true,89,2026-01-29T20:03:36.573Z,2026-01-29T20:03:36.573Z
2652,BenchmarkTest02652,sqli,false,89,2026-01-29T20:03:36.575Z,2026-01-29T20:03:36.575Z
2653,BenchmarkTest02653,sqli,true,89,2026-01-29T20:03:36.578Z,2026-01-29T20:03:36.578Z
2654,BenchmarkTest02654,sqli,true,89,2026-01-29T20:03:36.581Z,2026-01-29T20:03:36.581Z
2655,BenchmarkTest02655,sqli,true,89,2026-01-29T20:03:36.583Z,2026-01-29T20:03:36.583Z
2656,BenchmarkTest02656,sqli,true,89,2026-01-29T20:03:36.586Z,2026-01-29T20:03:36.586Z
2657,BenchmarkTest02657,sqli,false,89,2026-01-29T20:03:36.589Z,2026-01-29T20:03:36.589Z
2658,BenchmarkTest02658,crypto,true,327,2026-01-29T20:03:36.591Z,2026-01-29T20:03:36.591Z
2659,BenchmarkTest02659,crypto,false,327,2026-01-29T20:03:36.594Z,2026-01-29T20:03:36.594Z
2660,BenchmarkTest02660,crypto,true,327,2026-01-29T20:03:36.597Z,2026-01-29T20:03:36.597Z
2661,BenchmarkTest02661,crypto,true,327,2026-01-29T20:03:36.602Z,2026-01-29T20:03:36.602Z
2662,BenchmarkTest02662,crypto,false,327,2026-01-29T20:03:36.604Z,2026-01-29T20:03:36.604Z
2663,BenchmarkTest02663,crypto,true,327,2026-01-29T20:03:36.610Z,2026-01-29T20:03:36.610Z
2664,BenchmarkTest02664,pathtraver,false,22,2026-01-29T20:03:36.613Z,2026-01-29T20:03:36.613Z
2665,BenchmarkTest02665,pathtraver,false,22,2026-01-29T20:03:36.619Z,2026-01-29T20:03:36.619Z
2666,BenchmarkTest02666,pathtraver,false,22,2026-01-29T20:03:36.622Z,2026-01-29T20:03:36.622Z
2667,BenchmarkTest02667,pathtraver,false,22,2026-01-29T20:03:36.626Z,2026-01-29T20:03:36.626Z
2668,BenchmarkTest02668,pathtraver,false,22,2026-01-29T20:03:36.629Z,2026-01-29T20:03:36.629Z
2669,BenchmarkTest02669,pathtraver,false,22,2026-01-29T20:03:36.633Z,2026-01-29T20:03:36.633Z
2670,BenchmarkTest02670,hash,true,328,2026-01-29T20:03:36.636Z,2026-01-29T20:03:36.636Z
2671,BenchmarkTest02671,hash,true,328,2026-01-29T20:03:36.644Z,2026-01-29T20:03:36.644Z
2672,BenchmarkTest02672,hash,false,328,2026-01-29T20:03:36.649Z,2026-01-29T20:03:36.649Z
2673,BenchmarkTest02673,hash,false,328,2026-01-29T20:03:36.653Z,2026-01-29T20:03:36.653Z
2674,BenchmarkTest02674,hash,true,328,2026-01-29T20:03:36.657Z,2026-01-29T20:03:36.657Z
2675,BenchmarkTest02675,hash,true,328,2026-01-29T20:03:36.661Z,2026-01-29T20:03:36.661Z
2676,BenchmarkTest02676,hash,false,328,2026-01-29T20:03:36.665Z,2026-01-29T20:03:36.665Z
2677,BenchmarkTest02677,hash,true,328,2026-01-29T20:03:36.666Z,2026-01-29T20:03:36.666Z
2678,BenchmarkTest02678,hash,false,328,2026-01-29T20:03:36.668Z,2026-01-29T20:03:36.668Z
2679,BenchmarkTest02679,xss,false,79,2026-01-29T20:03:36.669Z,2026-01-29T20:03:36.669Z
2680,BenchmarkTest02680,xss,false,79,2026-01-29T20:03:36.670Z,2026-01-29T20:03:36.670Z
2681,BenchmarkTest02681,xss,false,79,2026-01-29T20:03:36.671Z,2026-01-29T20:03:36.671Z
2682,BenchmarkTest02682,xss,false,79,2026-01-29T20:03:36.672Z,2026-01-29T20:03:36.672Z
2683,BenchmarkTest02683,xss,false,79,2026-01-29T20:03:36.673Z,2026-01-29T20:03:36.673Z
2684,BenchmarkTest02684,xss,false,79,2026-01-29T20:03:36.673Z,2026-01-29T20:03:36.673Z
2685,BenchmarkTest02685,xss,false,79,2026-01-29T20:03:36.674Z,2026-01-29T20:03:36.674Z
2686,BenchmarkTest02686,xss,false,79,2026-01-29T20:03:36.675Z,2026-01-29T20:03:36.675Z
2687,BenchmarkTest02687,xss,false,79,2026-01-29T20:03:36.676Z,2026-01-29T20:03:36.676Z
2688,BenchmarkTest02688,xss,false,79,2026-01-29T20:03:36.676Z,2026-01-29T20:03:36.676Z
2689,BenchmarkTest02689,xss,false,79,2026-01-29T20:03:36.677Z,2026-01-29T20:03:36.677Z
2690,BenchmarkTest02690,xss,false,79,2026-01-29T20:03:36.679Z,2026-01-29T20:03:36.679Z
2691,BenchmarkTest02691,xss,false,79,2026-01-29T20:03:36.680Z,2026-01-29T20:03:36.680Z
2692,BenchmarkTest02692,xss,false,79,2026-01-29T20:03:36.681Z,2026-01-29T20:03:36.681Z
2693,BenchmarkTest02693,xss,false,79,2026-01-29T20:03:36.682Z,2026-01-29T20:03:36.682Z
2694,BenchmarkTest02694,xss,false,79,2026-01-29T20:03:36.682Z,2026-01-29T20:03:36.682Z
2695,BenchmarkTest02695,xss,false,79,2026-01-29T20:03:36.684Z,2026-01-29T20:03:36.684Z
2696,BenchmarkTest02696,xss,false,79,2026-01-29T20:03:36.685Z,2026-01-29T20:03:36.685Z
2697,BenchmarkTest02697,cmdi,false,78,2026-01-29T20:03:36.686Z,2026-01-29T20:03:36.686Z
2698,BenchmarkTest02698,cmdi,false,78,2026-01-29T20:03:36.687Z,2026-01-29T20:03:36.687Z
2699,BenchmarkTest02699,cmdi,false,78,2026-01-29T20:03:36.688Z,2026-01-29T20:03:36.688Z
2700,BenchmarkTest02700,weakrand,true,330,2026-01-29T20:03:36.688Z,2026-01-29T20:03:36.688Z
2701,BenchmarkTest02701,weakrand,true,330,2026-01-29T20:03:36.689Z,2026-01-29T20:03:36.689Z
2702,BenchmarkTest02702,weakrand,true,330,2026-01-29T20:03:36.690Z,2026-01-29T20:03:36.690Z
2703,BenchmarkTest02703,weakrand,true,330,2026-01-29T20:03:36.691Z,2026-01-29T20:03:36.691Z
2704,BenchmarkTest02704,weakrand,true,330,2026-01-29T20:03:36.692Z,2026-01-29T20:03:36.692Z
2705,BenchmarkTest02705,weakrand,true,330,2026-01-29T20:03:36.693Z,2026-01-29T20:03:36.693Z
2706,BenchmarkTest02706,weakrand,true,330,2026-01-29T20:03:36.694Z,2026-01-29T20:03:36.694Z
2707,BenchmarkTest02707,weakrand,true,330,2026-01-29T20:03:36.694Z,2026-01-29T20:03:36.694Z
2708,BenchmarkTest02708,weakrand,true,330,2026-01-29T20:03:36.695Z,2026-01-29T20:03:36.695Z
2709,BenchmarkTest02709,securecookie,true,614,2026-01-29T20:03:36.696Z,2026-01-29T20:03:36.696Z
2710,BenchmarkTest02710,securecookie,true,614,2026-01-29T20:03:36.697Z,2026-01-29T20:03:36.697Z
2711,BenchmarkTest02711,securecookie,false,614,2026-01-29T20:03:36.698Z,2026-01-29T20:03:36.698Z
2712,BenchmarkTest02712,xss,false,79,2026-01-29T20:03:36.699Z,2026-01-29T20:03:36.699Z
2713,BenchmarkTest02713,cmdi,false,78,2026-01-29T20:03:36.700Z,2026-01-29T20:03:36.700Z
2714,BenchmarkTest02714,cmdi,false,78,2026-01-29T20:03:36.701Z,2026-01-29T20:03:36.701Z
2715,BenchmarkTest02715,weakrand,false,330,2026-01-29T20:03:36.702Z,2026-01-29T20:03:36.702Z
2716,BenchmarkTest02716,weakrand,false,330,2026-01-29T20:03:36.703Z,2026-01-29T20:03:36.703Z
2717,BenchmarkTest02717,weakrand,false,330,2026-01-29T20:03:36.704Z,2026-01-29T20:03:36.704Z
2718,BenchmarkTest02718,weakrand,false,330,2026-01-29T20:03:36.705Z,2026-01-29T20:03:36.705Z
2719,BenchmarkTest02719,weakrand,false,330,2026-01-29T20:03:36.706Z,2026-01-29T20:03:36.706Z
2720,BenchmarkTest02720,weakrand,false,330,2026-01-29T20:03:36.707Z,2026-01-29T20:03:36.707Z
2721,BenchmarkTest02721,weakrand,false,330,2026-01-29T20:03:36.708Z,2026-01-29T20:03:36.708Z
2722,BenchmarkTest02722,trustbound,false,501,2026-01-29T20:03:36.709Z,2026-01-29T20:03:36.709Z
2723,BenchmarkTest02723,trustbound,false,501,2026-01-29T20:03:36.711Z,2026-01-29T20:03:36.711Z
2724,BenchmarkTest02724,trustbound,false,501,2026-01-29T20:03:36.712Z,2026-01-29T20:03:36.712Z
2725,BenchmarkTest02725,trustbound,false,501,2026-01-29T20:03:36.713Z,2026-01-29T20:03:36.713Z
2726,BenchmarkTest02726,trustbound,false,501,2026-01-29T20:03:36.714Z,2026-01-29T20:03:36.714Z
2727,BenchmarkTest02727,sqli,false,89,2026-01-29T20:03:36.715Z,2026-01-29T20:03:36.715Z
2728,BenchmarkTest02728,sqli,false,89,2026-01-29T20:03:36.718Z,2026-01-29T20:03:36.718Z
2729,BenchmarkTest02729,sqli,false,89,2026-01-29T20:03:36.720Z,2026-01-29T20:03:36.720Z
2730,BenchmarkTest02730,sqli,false,89,2026-01-29T20:03:36.721Z,2026-01-29T20:03:36.721Z
2731,BenchmarkTest02731,sqli,false,89,2026-01-29T20:03:36.722Z,2026-01-29T20:03:36.722Z
2732,BenchmarkTest02732,sqli,false,89,2026-01-29T20:03:36.723Z,2026-01-29T20:03:36.723Z
2733,BenchmarkTest02733,sqli,false,89,2026-01-29T20:03:36.724Z,2026-01-29T20:03:36.724Z
2734,BenchmarkTest02734,sqli,false,89,2026-01-29T20:03:36.725Z,2026-01-29T20:03:36.725Z
2735,BenchmarkTest02735,sqli,false,89,2026-01-29T20:03:36.726Z,2026-01-29T20:03:36.726Z
2736,BenchmarkTest02736,sqli,false,89,2026-01-29T20:03:36.728Z,2026-01-29T20:03:36.728Z
2737,BenchmarkTest02737,sqli,false,89,2026-01-29T20:03:36.729Z,2026-01-29T20:03:36.729Z
2738,BenchmarkTest02738,sqli,false,89,2026-01-29T20:03:36.729Z,2026-01-29T20:03:36.729Z
2739,BenchmarkTest02739,sqli,false,89,2026-01-29T20:03:36.730Z,2026-01-29T20:03:36.730Z
2740,BenchmarkTest02740,sqli,false,89,2026-01-29T20:03:36.732Z,2026-01-29T20:03:36.732Z